step	semantic_branch_name	runtime_name	env_name	should_we_do_it
CREATE_VIRTUALENV	main	local	devops	True
CREATE_VIRTUALENV	main	local	sbx	True
CREATE_VIRTUALENV	main	local	tst	True
CREATE_VIRTUALENV	main	local	stg	True
CREATE_VIRTUALENV	main	local	prd	True
CREATE_VIRTUALENV	main	ci	devops	True
CREATE_VIRTUALENV	main	ci	sbx	True
CREATE_VIRTUALENV	main	ci	tst	True
CREATE_VIRTUALENV	main	ci	stg	True
CREATE_VIRTUALENV	main	ci	prd	True
CREATE_VIRTUALENV	feature	local	devops	True
CREATE_VIRTUALENV	feature	local	sbx	True
CREATE_VIRTUALENV	feature	local	tst	True
CREATE_VIRTUALENV	feature	local	stg	True
CREATE_VIRTUALENV	feature	local	prd	True
CREATE_VIRTUALENV	feature	ci	devops	True
CREATE_VIRTUALENV	feature	ci	sbx	True
CREATE_VIRTUALENV	feature	ci	ci	True
CREATE_VIRTUALENV	feature	ci	stg	True
CREATE_VIRTUALENV	feature	ci	prd	True
CREATE_VIRTUALENV	fix	local	devops	True
CREATE_VIRTUALENV	fix	local	sbx	True
CREATE_VIRTUALENV	fix	local	tst	True
CREATE_VIRTUALENV	fix	local	stg	True
CREATE_VIRTUALENV	fix	local	prd	True
CREATE_VIRTUALENV	fix	ci	devops	True
CREATE_VIRTUALENV	fix	ci	sbx	True
CREATE_VIRTUALENV	fix	ci	tst	True
CREATE_VIRTUALENV	fix	ci	stg	True
CREATE_VIRTUALENV	fix	ci	prd	True
CREATE_VIRTUALENV	doc	local	devops	True
CREATE_VIRTUALENV	doc	local	sbx	True
CREATE_VIRTUALENV	doc	local	tst	True
CREATE_VIRTUALENV	doc	local	stg	True
CREATE_VIRTUALENV	doc	local	prd	True
CREATE_VIRTUALENV	doc	ci	devops	True
CREATE_VIRTUALENV	doc	ci	sbx	True
CREATE_VIRTUALENV	doc	ci	tst	True
CREATE_VIRTUALENV	doc	ci	stg	True
CREATE_VIRTUALENV	doc	ci	prd	True
CREATE_VIRTUALENV	ecr	local	devops	True
CREATE_VIRTUALENV	ecr	local	sbx	True
CREATE_VIRTUALENV	ecr	local	tst	True
CREATE_VIRTUALENV	ecr	local	stg	True
CREATE_VIRTUALENV	ecr	local	prd	True
CREATE_VIRTUALENV	ecr	ci	devops	True
CREATE_VIRTUALENV	ecr	ci	sbx	True
CREATE_VIRTUALENV	ecr	ci	tst	True
CREATE_VIRTUALENV	ecr	ci	stg	True
CREATE_VIRTUALENV	ecr	ci	prd	True
CREATE_VIRTUALENV	app	local	devops	True
CREATE_VIRTUALENV	app	local	sbx	True
CREATE_VIRTUALENV	app	local	tst	True
CREATE_VIRTUALENV	app	local	stg	True
CREATE_VIRTUALENV	app	local	prd	True
CREATE_VIRTUALENV	app	ci	devops	True
CREATE_VIRTUALENV	app	ci	sbx	True
CREATE_VIRTUALENV	app	ci	tst	True
CREATE_VIRTUALENV	app	ci	stg	True
CREATE_VIRTUALENV	app	ci	prd	True
CREATE_VIRTUALENV	release	local	devops	True
CREATE_VIRTUALENV	release	local	sbx	True
CREATE_VIRTUALENV	release	local	tst	True
CREATE_VIRTUALENV	release	local	stg	True
CREATE_VIRTUALENV	release	local	prd	True
CREATE_VIRTUALENV	release	ci	devops	True
CREATE_VIRTUALENV	release	ci	sbx	True
CREATE_VIRTUALENV	release	ci	tst	True
CREATE_VIRTUALENV	release	ci	stg	True
CREATE_VIRTUALENV	release	ci	prd	True
CREATE_VIRTUALENV	cleanup	local	devops	True
CREATE_VIRTUALENV	cleanup	local	sbx	True
CREATE_VIRTUALENV	cleanup	local	tst	True
CREATE_VIRTUALENV	cleanup	local	stg	True
CREATE_VIRTUALENV	cleanup	local	prd	True
CREATE_VIRTUALENV	cleanup	ci	devops	True
CREATE_VIRTUALENV	cleanup	ci	sbx	True
CREATE_VIRTUALENV	cleanup	ci	tst	True
CREATE_VIRTUALENV	cleanup	ci	stg	True
CREATE_VIRTUALENV	cleanup	ci	prd	True
INSTALL_DEPENDENCIES	main	local	devops	True
INSTALL_DEPENDENCIES	main	local	sbx	True
INSTALL_DEPENDENCIES	main	local	tst	True
INSTALL_DEPENDENCIES	main	local	stg	True
INSTALL_DEPENDENCIES	main	local	prd	True
INSTALL_DEPENDENCIES	main	ci	devops	True
INSTALL_DEPENDENCIES	main	ci	sbx	True
INSTALL_DEPENDENCIES	main	ci	tst	True
INSTALL_DEPENDENCIES	main	ci	stg	True
INSTALL_DEPENDENCIES	main	ci	prd	True
INSTALL_DEPENDENCIES	feature	local	devops	True
INSTALL_DEPENDENCIES	feature	local	sbx	True
INSTALL_DEPENDENCIES	feature	local	tst	True
INSTALL_DEPENDENCIES	feature	local	stg	True
INSTALL_DEPENDENCIES	feature	local	prd	True
INSTALL_DEPENDENCIES	feature	ci	devops	True
INSTALL_DEPENDENCIES	feature	ci	sbx	True
INSTALL_DEPENDENCIES	feature	ci	tst	True
INSTALL_DEPENDENCIES	feature	ci	stg	True
INSTALL_DEPENDENCIES	feature	ci	prd	True
INSTALL_DEPENDENCIES	fix	local	devops	True
INSTALL_DEPENDENCIES	fix	local	sbx	True
INSTALL_DEPENDENCIES	fix	local	tst	True
INSTALL_DEPENDENCIES	fix	local	stg	True
INSTALL_DEPENDENCIES	fix	local	prd	True
INSTALL_DEPENDENCIES	fix	ci	devops	True
INSTALL_DEPENDENCIES	fix	ci	sbx	True
INSTALL_DEPENDENCIES	fix	ci	tst	True
INSTALL_DEPENDENCIES	fix	ci	stg	True
INSTALL_DEPENDENCIES	fix	ci	prd	True
INSTALL_DEPENDENCIES	doc	local	devops	True
INSTALL_DEPENDENCIES	doc	local	sbx	True
INSTALL_DEPENDENCIES	doc	local	tst	True
INSTALL_DEPENDENCIES	doc	local	stg	True
INSTALL_DEPENDENCIES	doc	local	prd	True
INSTALL_DEPENDENCIES	doc	ci	devops	True
INSTALL_DEPENDENCIES	doc	ci	sbx	True
INSTALL_DEPENDENCIES	doc	ci	tst	True
INSTALL_DEPENDENCIES	doc	ci	stg	True
INSTALL_DEPENDENCIES	doc	ci	prd	True
INSTALL_DEPENDENCIES	ecr	local	devops	True
INSTALL_DEPENDENCIES	ecr	local	sbx	True
INSTALL_DEPENDENCIES	ecr	local	tst	True
INSTALL_DEPENDENCIES	ecr	local	stg	True
INSTALL_DEPENDENCIES	ecr	local	prd	True
INSTALL_DEPENDENCIES	ecr	ci	devops	True
INSTALL_DEPENDENCIES	ecr	ci	sbx	True
INSTALL_DEPENDENCIES	ecr	ci	tst	True
INSTALL_DEPENDENCIES	ecr	ci	stg	True
INSTALL_DEPENDENCIES	ecr	ci	prd	True
INSTALL_DEPENDENCIES	app	local	devops	True
INSTALL_DEPENDENCIES	app	local	sbx	True
INSTALL_DEPENDENCIES	app	local	tst	True
INSTALL_DEPENDENCIES	app	local	stg	True
INSTALL_DEPENDENCIES	app	local	prd	True
INSTALL_DEPENDENCIES	app	ci	devops	True
INSTALL_DEPENDENCIES	app	ci	sbx	True
INSTALL_DEPENDENCIES	app	ci	tst	True
INSTALL_DEPENDENCIES	app	ci	stg	True
INSTALL_DEPENDENCIES	app	ci	prd	True
INSTALL_DEPENDENCIES	release	local	devops	True
INSTALL_DEPENDENCIES	release	local	sbx	True
INSTALL_DEPENDENCIES	release	local	tst	True
INSTALL_DEPENDENCIES	release	local	stg	True
INSTALL_DEPENDENCIES	release	local	prd	True
INSTALL_DEPENDENCIES	release	ci	devops	True
INSTALL_DEPENDENCIES	release	ci	sbx	True
INSTALL_DEPENDENCIES	release	ci	tst	True
INSTALL_DEPENDENCIES	release	ci	stg	True
INSTALL_DEPENDENCIES	release	ci	prd	True
INSTALL_DEPENDENCIES	cleanup	local	devops	True
INSTALL_DEPENDENCIES	cleanup	local	sbx	True
INSTALL_DEPENDENCIES	cleanup	local	tst	True
INSTALL_DEPENDENCIES	cleanup	local	stg	True
INSTALL_DEPENDENCIES	cleanup	local	prd	True
INSTALL_DEPENDENCIES	cleanup	ci	devops	True
INSTALL_DEPENDENCIES	cleanup	ci	sbx	True
INSTALL_DEPENDENCIES	cleanup	ci	tst	True
INSTALL_DEPENDENCIES	cleanup	ci	stg	True
INSTALL_DEPENDENCIES	cleanup	ci	prd	True
DEPLOY_CONFIG	main	local	devops	True
DEPLOY_CONFIG	main	local	sbx	True
DEPLOY_CONFIG	main	local	tst	True
DEPLOY_CONFIG	main	local	stg	True
DEPLOY_CONFIG	main	local	prd	True
DEPLOY_CONFIG	main	ci	devops	False
DEPLOY_CONFIG	main	ci	sbx	False
DEPLOY_CONFIG	main	ci	tst	False
DEPLOY_CONFIG	main	ci	stg	False
DEPLOY_CONFIG	main	ci	prd	False
DEPLOY_CONFIG	feature	local	devops	True
DEPLOY_CONFIG	feature	local	sbx	True
DEPLOY_CONFIG	feature	local	tst	True
DEPLOY_CONFIG	feature	local	stg	True
DEPLOY_CONFIG	feature	local	prd	True
DEPLOY_CONFIG	feature	ci	devops	False
DEPLOY_CONFIG	feature	ci	sbx	False
DEPLOY_CONFIG	feature	ci	tst	False
DEPLOY_CONFIG	feature	ci	stg	False
DEPLOY_CONFIG	feature	ci	prd	False
DEPLOY_CONFIG	fix	local	devops	True
DEPLOY_CONFIG	fix	local	sbx	True
DEPLOY_CONFIG	fix	local	tst	True
DEPLOY_CONFIG	fix	local	stg	True
DEPLOY_CONFIG	fix	local	prd	True
DEPLOY_CONFIG	fix	ci	devops	False
DEPLOY_CONFIG	fix	ci	sbx	False
DEPLOY_CONFIG	fix	ci	tst	False
DEPLOY_CONFIG	fix	ci	stg	False
DEPLOY_CONFIG	fix	ci	prd	False
DEPLOY_CONFIG	doc	local	devops	True
DEPLOY_CONFIG	doc	local	sbx	True
DEPLOY_CONFIG	doc	local	tst	True
DEPLOY_CONFIG	doc	local	stg	True
DEPLOY_CONFIG	doc	local	prd	True
DEPLOY_CONFIG	doc	ci	devops	False
DEPLOY_CONFIG	doc	ci	sbx	False
DEPLOY_CONFIG	doc	ci	tst	False
DEPLOY_CONFIG	doc	ci	stg	False
DEPLOY_CONFIG	doc	ci	prd	False
DEPLOY_CONFIG	ecr	local	devops	True
DEPLOY_CONFIG	ecr	local	sbx	True
DEPLOY_CONFIG	ecr	local	tst	True
DEPLOY_CONFIG	ecr	local	stg	True
DEPLOY_CONFIG	ecr	local	prd	True
DEPLOY_CONFIG	ecr	ci	devops	False
DEPLOY_CONFIG	ecr	ci	sbx	False
DEPLOY_CONFIG	ecr	ci	tst	False
DEPLOY_CONFIG	ecr	ci	stg	False
DEPLOY_CONFIG	ecr	ci	prd	False
DEPLOY_CONFIG	app	local	devops	True
DEPLOY_CONFIG	app	local	sbx	True
DEPLOY_CONFIG	app	local	tst	True
DEPLOY_CONFIG	app	local	stg	True
DEPLOY_CONFIG	app	local	prd	True
DEPLOY_CONFIG	app	ci	devops	False
DEPLOY_CONFIG	app	ci	sbx	False
DEPLOY_CONFIG	app	ci	tst	False
DEPLOY_CONFIG	app	ci	stg	False
DEPLOY_CONFIG	app	ci	prd	False
DEPLOY_CONFIG	release	local	devops	True
DEPLOY_CONFIG	release	local	sbx	True
DEPLOY_CONFIG	release	local	tst	True
DEPLOY_CONFIG	release	local	stg	True
DEPLOY_CONFIG	release	local	prd	True
DEPLOY_CONFIG	release	ci	devops	False
DEPLOY_CONFIG	release	ci	sbx	False
DEPLOY_CONFIG	release	ci	tst	False
DEPLOY_CONFIG	release	ci	stg	False
DEPLOY_CONFIG	release	ci	prd	False
DEPLOY_CONFIG	cleanup	local	devops	True
DEPLOY_CONFIG	cleanup	local	sbx	True
DEPLOY_CONFIG	cleanup	local	tst	True
DEPLOY_CONFIG	cleanup	local	stg	True
DEPLOY_CONFIG	cleanup	local	prd	True
DEPLOY_CONFIG	cleanup	ci	devops	False
DEPLOY_CONFIG	cleanup	ci	sbx	False
DEPLOY_CONFIG	cleanup	ci	tst	False
DEPLOY_CONFIG	cleanup	ci	stg	False
DEPLOY_CONFIG	cleanup	ci	prd	False
BUILD_LAMBDA_SOURCE_LOCALLY	main	local	devops	True
BUILD_LAMBDA_SOURCE_LOCALLY	main	local	sbx	True
BUILD_LAMBDA_SOURCE_LOCALLY	main	local	tst	True
BUILD_LAMBDA_SOURCE_LOCALLY	main	local	stg	True
BUILD_LAMBDA_SOURCE_LOCALLY	main	local	prd	True
BUILD_LAMBDA_SOURCE_LOCALLY	main	ci	devops	True
BUILD_LAMBDA_SOURCE_LOCALLY	main	ci	sbx	True
BUILD_LAMBDA_SOURCE_LOCALLY	main	ci	tst	True
BUILD_LAMBDA_SOURCE_LOCALLY	main	ci	stg	True
BUILD_LAMBDA_SOURCE_LOCALLY	main	ci	prd	True
BUILD_LAMBDA_SOURCE_LOCALLY	feature	local	devops	True
BUILD_LAMBDA_SOURCE_LOCALLY	feature	local	sbx	True
BUILD_LAMBDA_SOURCE_LOCALLY	feature	local	tst	True
BUILD_LAMBDA_SOURCE_LOCALLY	feature	local	stg	True
BUILD_LAMBDA_SOURCE_LOCALLY	feature	local	prd	True
BUILD_LAMBDA_SOURCE_LOCALLY	feature	ci	devops	True
BUILD_LAMBDA_SOURCE_LOCALLY	feature	ci	sbx	True
BUILD_LAMBDA_SOURCE_LOCALLY	feature	ci	tst	True
BUILD_LAMBDA_SOURCE_LOCALLY	feature	ci	stg	True
BUILD_LAMBDA_SOURCE_LOCALLY	feature	ci	prd	True
BUILD_LAMBDA_SOURCE_LOCALLY	fix	local	devops	True
BUILD_LAMBDA_SOURCE_LOCALLY	fix	local	sbx	True
BUILD_LAMBDA_SOURCE_LOCALLY	fix	local	tst	True
BUILD_LAMBDA_SOURCE_LOCALLY	fix	local	stg	True
BUILD_LAMBDA_SOURCE_LOCALLY	fix	local	prd	True
BUILD_LAMBDA_SOURCE_LOCALLY	fix	ci	devops	True
BUILD_LAMBDA_SOURCE_LOCALLY	fix	ci	sbx	True
BUILD_LAMBDA_SOURCE_LOCALLY	fix	ci	tst	True
BUILD_LAMBDA_SOURCE_LOCALLY	fix	ci	stg	True
BUILD_LAMBDA_SOURCE_LOCALLY	fix	ci	prd	True
BUILD_LAMBDA_SOURCE_LOCALLY	doc	local	devops	True
BUILD_LAMBDA_SOURCE_LOCALLY	doc	local	sbx	True
BUILD_LAMBDA_SOURCE_LOCALLY	doc	local	tst	True
BUILD_LAMBDA_SOURCE_LOCALLY	doc	local	stg	True
BUILD_LAMBDA_SOURCE_LOCALLY	doc	local	prd	True
BUILD_LAMBDA_SOURCE_LOCALLY	doc	ci	devops	True
BUILD_LAMBDA_SOURCE_LOCALLY	doc	ci	sbx	True
BUILD_LAMBDA_SOURCE_LOCALLY	doc	ci	tst	True
BUILD_LAMBDA_SOURCE_LOCALLY	doc	ci	stg	True
BUILD_LAMBDA_SOURCE_LOCALLY	doc	ci	prd	True
BUILD_LAMBDA_SOURCE_LOCALLY	ecr	local	devops	True
BUILD_LAMBDA_SOURCE_LOCALLY	ecr	local	sbx	True
BUILD_LAMBDA_SOURCE_LOCALLY	ecr	local	tst	True
BUILD_LAMBDA_SOURCE_LOCALLY	ecr	local	stg	True
BUILD_LAMBDA_SOURCE_LOCALLY	ecr	local	prd	True
BUILD_LAMBDA_SOURCE_LOCALLY	ecr	ci	devops	True
BUILD_LAMBDA_SOURCE_LOCALLY	ecr	ci	sbx	True
BUILD_LAMBDA_SOURCE_LOCALLY	ecr	ci	tst	True
BUILD_LAMBDA_SOURCE_LOCALLY	ecr	ci	stg	True
BUILD_LAMBDA_SOURCE_LOCALLY	ecr	ci	prd	True
BUILD_LAMBDA_SOURCE_LOCALLY	app	local	devops	True
BUILD_LAMBDA_SOURCE_LOCALLY	app	local	sbx	True
BUILD_LAMBDA_SOURCE_LOCALLY	app	local	tst	True
BUILD_LAMBDA_SOURCE_LOCALLY	app	local	stg	True
BUILD_LAMBDA_SOURCE_LOCALLY	app	local	prd	True
BUILD_LAMBDA_SOURCE_LOCALLY	app	ci	devops	True
BUILD_LAMBDA_SOURCE_LOCALLY	app	ci	sbx	True
BUILD_LAMBDA_SOURCE_LOCALLY	app	ci	tst	True
BUILD_LAMBDA_SOURCE_LOCALLY	app	ci	stg	True
BUILD_LAMBDA_SOURCE_LOCALLY	app	ci	prd	True
BUILD_LAMBDA_SOURCE_LOCALLY	release	local	devops	True
BUILD_LAMBDA_SOURCE_LOCALLY	release	local	sbx	True
BUILD_LAMBDA_SOURCE_LOCALLY	release	local	tst	True
BUILD_LAMBDA_SOURCE_LOCALLY	release	local	stg	True
BUILD_LAMBDA_SOURCE_LOCALLY	release	local	prd	True
BUILD_LAMBDA_SOURCE_LOCALLY	release	ci	devops	True
BUILD_LAMBDA_SOURCE_LOCALLY	release	ci	sbx	True
BUILD_LAMBDA_SOURCE_LOCALLY	release	ci	tst	True
BUILD_LAMBDA_SOURCE_LOCALLY	release	ci	stg	True
BUILD_LAMBDA_SOURCE_LOCALLY	release	ci	prd	True
BUILD_LAMBDA_SOURCE_LOCALLY	cleanup	local	devops	False
BUILD_LAMBDA_SOURCE_LOCALLY	cleanup	local	sbx	False
BUILD_LAMBDA_SOURCE_LOCALLY	cleanup	local	tst	False
BUILD_LAMBDA_SOURCE_LOCALLY	cleanup	local	stg	False
BUILD_LAMBDA_SOURCE_LOCALLY	cleanup	local	prd	False
BUILD_LAMBDA_SOURCE_LOCALLY	cleanup	ci	devops	False
BUILD_LAMBDA_SOURCE_LOCALLY	cleanup	ci	sbx	False
BUILD_LAMBDA_SOURCE_LOCALLY	cleanup	ci	tst	False
BUILD_LAMBDA_SOURCE_LOCALLY	cleanup	ci	stg	False
BUILD_LAMBDA_SOURCE_LOCALLY	cleanup	ci	prd	False
RUN_CODE_COVERAGE_TEST	main	local	devops	True
RUN_CODE_COVERAGE_TEST	main	local	sbx	True
RUN_CODE_COVERAGE_TEST	main	local	tst	True
RUN_CODE_COVERAGE_TEST	main	local	stg	True
RUN_CODE_COVERAGE_TEST	main	local	prd	True
RUN_CODE_COVERAGE_TEST	main	ci	devops	True
RUN_CODE_COVERAGE_TEST	main	ci	sbx	True
RUN_CODE_COVERAGE_TEST	main	ci	tst	True
RUN_CODE_COVERAGE_TEST	main	ci	stg	True
RUN_CODE_COVERAGE_TEST	main	ci	prd	True
RUN_CODE_COVERAGE_TEST	feature	local	devops	True
RUN_CODE_COVERAGE_TEST	feature	local	sbx	True
RUN_CODE_COVERAGE_TEST	feature	local	tst	True
RUN_CODE_COVERAGE_TEST	feature	local	stg	True
RUN_CODE_COVERAGE_TEST	feature	local	prd	True
RUN_CODE_COVERAGE_TEST	feature	ci	devops	True
RUN_CODE_COVERAGE_TEST	feature	ci	sbx	True
RUN_CODE_COVERAGE_TEST	feature	ci	tst	True
RUN_CODE_COVERAGE_TEST	feature	ci	stg	True
RUN_CODE_COVERAGE_TEST	feature	ci	prd	True
RUN_CODE_COVERAGE_TEST	fix	local	devops	True
RUN_CODE_COVERAGE_TEST	fix	local	sbx	True
RUN_CODE_COVERAGE_TEST	fix	local	tst	True
RUN_CODE_COVERAGE_TEST	fix	local	stg	True
RUN_CODE_COVERAGE_TEST	fix	local	prd	True
RUN_CODE_COVERAGE_TEST	fix	ci	devops	True
RUN_CODE_COVERAGE_TEST	fix	ci	sbx	True
RUN_CODE_COVERAGE_TEST	fix	ci	tst	True
RUN_CODE_COVERAGE_TEST	fix	ci	stg	True
RUN_CODE_COVERAGE_TEST	fix	ci	prd	True
RUN_CODE_COVERAGE_TEST	doc	local	devops	True
RUN_CODE_COVERAGE_TEST	doc	local	sbx	True
RUN_CODE_COVERAGE_TEST	doc	local	tst	True
RUN_CODE_COVERAGE_TEST	doc	local	stg	True
RUN_CODE_COVERAGE_TEST	doc	local	prd	True
RUN_CODE_COVERAGE_TEST	doc	ci	devops	True
RUN_CODE_COVERAGE_TEST	doc	ci	sbx	True
RUN_CODE_COVERAGE_TEST	doc	ci	tst	True
RUN_CODE_COVERAGE_TEST	doc	ci	stg	True
RUN_CODE_COVERAGE_TEST	doc	ci	prd	True
RUN_CODE_COVERAGE_TEST	ecr	local	devops	True
RUN_CODE_COVERAGE_TEST	ecr	local	sbx	True
RUN_CODE_COVERAGE_TEST	ecr	local	tst	True
RUN_CODE_COVERAGE_TEST	ecr	local	stg	True
RUN_CODE_COVERAGE_TEST	ecr	local	prd	True
RUN_CODE_COVERAGE_TEST	ecr	ci	devops	True
RUN_CODE_COVERAGE_TEST	ecr	ci	sbx	True
RUN_CODE_COVERAGE_TEST	ecr	ci	tst	True
RUN_CODE_COVERAGE_TEST	ecr	ci	stg	True
RUN_CODE_COVERAGE_TEST	ecr	ci	prd	True
RUN_CODE_COVERAGE_TEST	app	local	devops	True
RUN_CODE_COVERAGE_TEST	app	local	sbx	True
RUN_CODE_COVERAGE_TEST	app	local	tst	True
RUN_CODE_COVERAGE_TEST	app	local	stg	True
RUN_CODE_COVERAGE_TEST	app	local	prd	True
RUN_CODE_COVERAGE_TEST	app	ci	devops	True
RUN_CODE_COVERAGE_TEST	app	ci	sbx	True
RUN_CODE_COVERAGE_TEST	app	ci	tst	True
RUN_CODE_COVERAGE_TEST	app	ci	stg	True
RUN_CODE_COVERAGE_TEST	app	ci	prd	True
RUN_CODE_COVERAGE_TEST	release	local	devops	True
RUN_CODE_COVERAGE_TEST	release	local	sbx	True
RUN_CODE_COVERAGE_TEST	release	local	tst	True
RUN_CODE_COVERAGE_TEST	release	local	stg	True
RUN_CODE_COVERAGE_TEST	release	local	prd	True
RUN_CODE_COVERAGE_TEST	release	ci	devops	True
RUN_CODE_COVERAGE_TEST	release	ci	sbx	True
RUN_CODE_COVERAGE_TEST	release	ci	tst	True
RUN_CODE_COVERAGE_TEST	release	ci	stg	True
RUN_CODE_COVERAGE_TEST	release	ci	prd	True
RUN_CODE_COVERAGE_TEST	cleanup	local	devops	False
RUN_CODE_COVERAGE_TEST	cleanup	local	sbx	False
RUN_CODE_COVERAGE_TEST	cleanup	local	tst	False
RUN_CODE_COVERAGE_TEST	cleanup	local	stg	False
RUN_CODE_COVERAGE_TEST	cleanup	local	prd	False
RUN_CODE_COVERAGE_TEST	cleanup	ci	devops	False
RUN_CODE_COVERAGE_TEST	cleanup	ci	sbx	False
RUN_CODE_COVERAGE_TEST	cleanup	ci	tst	False
RUN_CODE_COVERAGE_TEST	cleanup	ci	stg	False
RUN_CODE_COVERAGE_TEST	cleanup	ci	prd	False
BUILD_DOCUMENTATION	main	local	devops	True
BUILD_DOCUMENTATION	main	local	sbx	True
BUILD_DOCUMENTATION	main	local	tst	True
BUILD_DOCUMENTATION	main	local	stg	True
BUILD_DOCUMENTATION	main	local	prd	True
BUILD_DOCUMENTATION	main	ci	devops	False
BUILD_DOCUMENTATION	main	ci	sbx	False
BUILD_DOCUMENTATION	main	ci	tst	False
BUILD_DOCUMENTATION	main	ci	stg	False
BUILD_DOCUMENTATION	main	ci	prd	False
BUILD_DOCUMENTATION	feature	local	devops	True
BUILD_DOCUMENTATION	feature	local	sbx	True
BUILD_DOCUMENTATION	feature	local	tst	True
BUILD_DOCUMENTATION	feature	local	stg	True
BUILD_DOCUMENTATION	feature	local	prd	True
BUILD_DOCUMENTATION	feature	ci	devops	False
BUILD_DOCUMENTATION	feature	ci	sbx	False
BUILD_DOCUMENTATION	feature	ci	tst	False
BUILD_DOCUMENTATION	feature	ci	stg	False
BUILD_DOCUMENTATION	feature	ci	prd	False
BUILD_DOCUMENTATION	fix	local	devops	True
BUILD_DOCUMENTATION	fix	local	sbx	True
BUILD_DOCUMENTATION	fix	local	tst	True
BUILD_DOCUMENTATION	fix	local	stg	True
BUILD_DOCUMENTATION	fix	local	prd	True
BUILD_DOCUMENTATION	fix	ci	devops	False
BUILD_DOCUMENTATION	fix	ci	sbx	False
BUILD_DOCUMENTATION	fix	ci	tst	False
BUILD_DOCUMENTATION	fix	ci	stg	False
BUILD_DOCUMENTATION	fix	ci	prd	False
BUILD_DOCUMENTATION	doc	local	devops	True
BUILD_DOCUMENTATION	doc	local	sbx	True
BUILD_DOCUMENTATION	doc	local	tst	True
BUILD_DOCUMENTATION	doc	local	stg	True
BUILD_DOCUMENTATION	doc	local	prd	True
BUILD_DOCUMENTATION	doc	ci	devops	True
BUILD_DOCUMENTATION	doc	ci	sbx	True
BUILD_DOCUMENTATION	doc	ci	tst	True
BUILD_DOCUMENTATION	doc	ci	stg	True
BUILD_DOCUMENTATION	doc	ci	prd	True
BUILD_DOCUMENTATION	ecr	local	devops	True
BUILD_DOCUMENTATION	ecr	local	sbx	True
BUILD_DOCUMENTATION	ecr	local	tst	True
BUILD_DOCUMENTATION	ecr	local	stg	True
BUILD_DOCUMENTATION	ecr	local	prd	True
BUILD_DOCUMENTATION	ecr	ci	devops	False
BUILD_DOCUMENTATION	ecr	ci	sbx	False
BUILD_DOCUMENTATION	ecr	ci	tst	False
BUILD_DOCUMENTATION	ecr	ci	stg	False
BUILD_DOCUMENTATION	ecr	ci	prd	False
BUILD_DOCUMENTATION	app	local	devops	True
BUILD_DOCUMENTATION	app	local	sbx	True
BUILD_DOCUMENTATION	app	local	tst	True
BUILD_DOCUMENTATION	app	local	stg	True
BUILD_DOCUMENTATION	app	local	prd	True
BUILD_DOCUMENTATION	app	ci	devops	False
BUILD_DOCUMENTATION	app	ci	sbx	False
BUILD_DOCUMENTATION	app	ci	tst	False
BUILD_DOCUMENTATION	app	ci	stg	False
BUILD_DOCUMENTATION	app	ci	prd	False
BUILD_DOCUMENTATION	release	local	devops	True
BUILD_DOCUMENTATION	release	local	sbx	True
BUILD_DOCUMENTATION	release	local	tst	True
BUILD_DOCUMENTATION	release	local	stg	True
BUILD_DOCUMENTATION	release	local	prd	True
BUILD_DOCUMENTATION	release	ci	devops	False
BUILD_DOCUMENTATION	release	ci	sbx	False
BUILD_DOCUMENTATION	release	ci	tst	False
BUILD_DOCUMENTATION	release	ci	stg	False
BUILD_DOCUMENTATION	release	ci	prd	False
BUILD_DOCUMENTATION	cleanup	local	devops	False
BUILD_DOCUMENTATION	cleanup	local	sbx	False
BUILD_DOCUMENTATION	cleanup	local	tst	False
BUILD_DOCUMENTATION	cleanup	local	stg	False
BUILD_DOCUMENTATION	cleanup	local	prd	False
BUILD_DOCUMENTATION	cleanup	ci	devops	False
BUILD_DOCUMENTATION	cleanup	ci	sbx	False
BUILD_DOCUMENTATION	cleanup	ci	tst	False
BUILD_DOCUMENTATION	cleanup	ci	stg	False
BUILD_DOCUMENTATION	cleanup	ci	prd	False
UPDATE_DOCUMENTATION	main	local	devops	True
UPDATE_DOCUMENTATION	main	local	sbx	True
UPDATE_DOCUMENTATION	main	local	tst	True
UPDATE_DOCUMENTATION	main	local	stg	True
UPDATE_DOCUMENTATION	main	local	prd	True
UPDATE_DOCUMENTATION	main	ci	devops	False
UPDATE_DOCUMENTATION	main	ci	sbx	False
UPDATE_DOCUMENTATION	main	ci	tst	False
UPDATE_DOCUMENTATION	main	ci	stg	False
UPDATE_DOCUMENTATION	main	ci	prd	False
UPDATE_DOCUMENTATION	feature	local	devops	True
UPDATE_DOCUMENTATION	feature	local	sbx	True
UPDATE_DOCUMENTATION	feature	local	tst	True
UPDATE_DOCUMENTATION	feature	local	stg	True
UPDATE_DOCUMENTATION	feature	local	prd	True
UPDATE_DOCUMENTATION	feature	ci	devops	False
UPDATE_DOCUMENTATION	feature	ci	sbx	False
UPDATE_DOCUMENTATION	feature	ci	tst	False
UPDATE_DOCUMENTATION	feature	ci	stg	False
UPDATE_DOCUMENTATION	feature	ci	prd	False
UPDATE_DOCUMENTATION	fix	local	devops	True
UPDATE_DOCUMENTATION	fix	local	sbx	True
UPDATE_DOCUMENTATION	fix	local	tst	True
UPDATE_DOCUMENTATION	fix	local	stg	True
UPDATE_DOCUMENTATION	fix	local	prd	True
UPDATE_DOCUMENTATION	fix	ci	devops	False
UPDATE_DOCUMENTATION	fix	ci	sbx	False
UPDATE_DOCUMENTATION	fix	ci	tst	False
UPDATE_DOCUMENTATION	fix	ci	stg	False
UPDATE_DOCUMENTATION	fix	ci	prd	False
UPDATE_DOCUMENTATION	doc	local	devops	True
UPDATE_DOCUMENTATION	doc	local	sbx	True
UPDATE_DOCUMENTATION	doc	local	tst	True
UPDATE_DOCUMENTATION	doc	local	stg	True
UPDATE_DOCUMENTATION	doc	local	prd	True
UPDATE_DOCUMENTATION	doc	ci	devops	True
UPDATE_DOCUMENTATION	doc	ci	sbx	True
UPDATE_DOCUMENTATION	doc	ci	tst	True
UPDATE_DOCUMENTATION	doc	ci	stg	True
UPDATE_DOCUMENTATION	doc	ci	prd	True
UPDATE_DOCUMENTATION	ecr	local	devops	True
UPDATE_DOCUMENTATION	ecr	local	sbx	True
UPDATE_DOCUMENTATION	ecr	local	tst	True
UPDATE_DOCUMENTATION	ecr	local	stg	True
UPDATE_DOCUMENTATION	ecr	local	prd	True
UPDATE_DOCUMENTATION	ecr	ci	devops	False
UPDATE_DOCUMENTATION	ecr	ci	sbx	False
UPDATE_DOCUMENTATION	ecr	ci	tst	False
UPDATE_DOCUMENTATION	ecr	ci	stg	False
UPDATE_DOCUMENTATION	ecr	ci	prd	False
UPDATE_DOCUMENTATION	app	local	devops	True
UPDATE_DOCUMENTATION	app	local	sbx	True
UPDATE_DOCUMENTATION	app	local	tst	True
UPDATE_DOCUMENTATION	app	local	stg	True
UPDATE_DOCUMENTATION	app	local	prd	True
UPDATE_DOCUMENTATION	app	ci	devops	False
UPDATE_DOCUMENTATION	app	ci	sbx	False
UPDATE_DOCUMENTATION	app	ci	tst	False
UPDATE_DOCUMENTATION	app	ci	stg	False
UPDATE_DOCUMENTATION	app	ci	prd	False
UPDATE_DOCUMENTATION	release	local	devops	True
UPDATE_DOCUMENTATION	release	local	sbx	True
UPDATE_DOCUMENTATION	release	local	tst	True
UPDATE_DOCUMENTATION	release	local	stg	True
UPDATE_DOCUMENTATION	release	local	prd	True
UPDATE_DOCUMENTATION	release	ci	devops	False
UPDATE_DOCUMENTATION	release	ci	sbx	False
UPDATE_DOCUMENTATION	release	ci	tst	False
UPDATE_DOCUMENTATION	release	ci	stg	False
UPDATE_DOCUMENTATION	release	ci	prd	False
UPDATE_DOCUMENTATION	cleanup	local	devops	False
UPDATE_DOCUMENTATION	cleanup	local	sbx	False
UPDATE_DOCUMENTATION	cleanup	local	tst	False
UPDATE_DOCUMENTATION	cleanup	local	stg	False
UPDATE_DOCUMENTATION	cleanup	local	prd	False
UPDATE_DOCUMENTATION	cleanup	ci	devops	False
UPDATE_DOCUMENTATION	cleanup	ci	sbx	False
UPDATE_DOCUMENTATION	cleanup	ci	tst	False
UPDATE_DOCUMENTATION	cleanup	ci	stg	False
UPDATE_DOCUMENTATION	cleanup	ci	prd	False
BUILD_LAMBDA_CONTAINER	main	local	devops	False
BUILD_LAMBDA_CONTAINER	main	local	sbx	False
BUILD_LAMBDA_CONTAINER	main	local	tst	False
BUILD_LAMBDA_CONTAINER	main	local	stg	False
BUILD_LAMBDA_CONTAINER	main	local	prd	False
BUILD_LAMBDA_CONTAINER	main	ci	devops	False
BUILD_LAMBDA_CONTAINER	main	ci	sbx	False
BUILD_LAMBDA_CONTAINER	main	ci	tst	False
BUILD_LAMBDA_CONTAINER	main	ci	stg	False
BUILD_LAMBDA_CONTAINER	main	ci	prd	False
BUILD_LAMBDA_CONTAINER	feature	local	devops	False
BUILD_LAMBDA_CONTAINER	feature	local	sbx	False
BUILD_LAMBDA_CONTAINER	feature	local	tst	False
BUILD_LAMBDA_CONTAINER	feature	local	stg	False
BUILD_LAMBDA_CONTAINER	feature	local	prd	False
BUILD_LAMBDA_CONTAINER	feature	ci	devops	False
BUILD_LAMBDA_CONTAINER	feature	ci	sbx	False
BUILD_LAMBDA_CONTAINER	feature	ci	tst	False
BUILD_LAMBDA_CONTAINER	feature	ci	stg	False
BUILD_LAMBDA_CONTAINER	feature	ci	prd	False
BUILD_LAMBDA_CONTAINER	fix	local	devops	False
BUILD_LAMBDA_CONTAINER	fix	local	sbx	False
BUILD_LAMBDA_CONTAINER	fix	local	tst	False
BUILD_LAMBDA_CONTAINER	fix	local	stg	False
BUILD_LAMBDA_CONTAINER	fix	local	prd	False
BUILD_LAMBDA_CONTAINER	fix	ci	devops	False
BUILD_LAMBDA_CONTAINER	fix	ci	sbx	False
BUILD_LAMBDA_CONTAINER	fix	ci	tst	False
BUILD_LAMBDA_CONTAINER	fix	ci	stg	False
BUILD_LAMBDA_CONTAINER	fix	ci	prd	False
BUILD_LAMBDA_CONTAINER	doc	local	devops	False
BUILD_LAMBDA_CONTAINER	doc	local	sbx	False
BUILD_LAMBDA_CONTAINER	doc	local	tst	False
BUILD_LAMBDA_CONTAINER	doc	local	stg	False
BUILD_LAMBDA_CONTAINER	doc	local	prd	False
BUILD_LAMBDA_CONTAINER	doc	ci	devops	False
BUILD_LAMBDA_CONTAINER	doc	ci	sbx	False
BUILD_LAMBDA_CONTAINER	doc	ci	tst	False
BUILD_LAMBDA_CONTAINER	doc	ci	stg	False
BUILD_LAMBDA_CONTAINER	doc	ci	prd	False
BUILD_LAMBDA_CONTAINER	ecr	local	devops	True
BUILD_LAMBDA_CONTAINER	ecr	local	sbx	True
BUILD_LAMBDA_CONTAINER	ecr	local	tst	True
BUILD_LAMBDA_CONTAINER	ecr	local	stg	True
BUILD_LAMBDA_CONTAINER	ecr	local	prd	True
BUILD_LAMBDA_CONTAINER	ecr	ci	devops	True
BUILD_LAMBDA_CONTAINER	ecr	ci	sbx	True
BUILD_LAMBDA_CONTAINER	ecr	ci	tst	True
BUILD_LAMBDA_CONTAINER	ecr	ci	stg	True
BUILD_LAMBDA_CONTAINER	ecr	ci	prd	True
BUILD_LAMBDA_CONTAINER	app	local	devops	False
BUILD_LAMBDA_CONTAINER	app	local	sbx	False
BUILD_LAMBDA_CONTAINER	app	local	tst	False
BUILD_LAMBDA_CONTAINER	app	local	stg	False
BUILD_LAMBDA_CONTAINER	app	local	prd	False
BUILD_LAMBDA_CONTAINER	app	ci	devops	False
BUILD_LAMBDA_CONTAINER	app	ci	sbx	False
BUILD_LAMBDA_CONTAINER	app	ci	tst	False
BUILD_LAMBDA_CONTAINER	app	ci	stg	False
BUILD_LAMBDA_CONTAINER	app	ci	prd	False
BUILD_LAMBDA_CONTAINER	release	local	devops	False
BUILD_LAMBDA_CONTAINER	release	local	sbx	False
BUILD_LAMBDA_CONTAINER	release	local	tst	False
BUILD_LAMBDA_CONTAINER	release	local	stg	False
BUILD_LAMBDA_CONTAINER	release	local	prd	False
BUILD_LAMBDA_CONTAINER	release	ci	devops	False
BUILD_LAMBDA_CONTAINER	release	ci	sbx	False
BUILD_LAMBDA_CONTAINER	release	ci	tst	False
BUILD_LAMBDA_CONTAINER	release	ci	stg	False
BUILD_LAMBDA_CONTAINER	release	ci	prd	False
BUILD_LAMBDA_CONTAINER	cleanup	local	devops	False
BUILD_LAMBDA_CONTAINER	cleanup	local	sbx	False
BUILD_LAMBDA_CONTAINER	cleanup	local	tst	False
BUILD_LAMBDA_CONTAINER	cleanup	local	stg	False
BUILD_LAMBDA_CONTAINER	cleanup	local	prd	False
BUILD_LAMBDA_CONTAINER	cleanup	ci	devops	False
BUILD_LAMBDA_CONTAINER	cleanup	ci	sbx	False
BUILD_LAMBDA_CONTAINER	cleanup	ci	tst	False
BUILD_LAMBDA_CONTAINER	cleanup	ci	stg	False
BUILD_LAMBDA_CONTAINER	cleanup	ci	prd	False
DEPLOY_CDK_STACK	main	local	devops	True
DEPLOY_CDK_STACK	main	local	sbx	True
DEPLOY_CDK_STACK	main	local	tst	True
DEPLOY_CDK_STACK	main	local	stg	True
DEPLOY_CDK_STACK	main	local	prd	True
DEPLOY_CDK_STACK	main	ci	devops	False
DEPLOY_CDK_STACK	main	ci	sbx	False
DEPLOY_CDK_STACK	main	ci	tst	False
DEPLOY_CDK_STACK	main	ci	stg	False
DEPLOY_CDK_STACK	main	ci	prd	False
DEPLOY_CDK_STACK	feature	local	devops	True
DEPLOY_CDK_STACK	feature	local	sbx	True
DEPLOY_CDK_STACK	feature	local	tst	True
DEPLOY_CDK_STACK	feature	local	stg	True
DEPLOY_CDK_STACK	feature	local	prd	True
DEPLOY_CDK_STACK	feature	ci	devops	False
DEPLOY_CDK_STACK	feature	ci	sbx	False
DEPLOY_CDK_STACK	feature	ci	tst	False
DEPLOY_CDK_STACK	feature	ci	stg	False
DEPLOY_CDK_STACK	feature	ci	prd	False
DEPLOY_CDK_STACK	fix	local	devops	True
DEPLOY_CDK_STACK	fix	local	sbx	True
DEPLOY_CDK_STACK	fix	local	tst	True
DEPLOY_CDK_STACK	fix	local	stg	True
DEPLOY_CDK_STACK	fix	local	prd	True
DEPLOY_CDK_STACK	fix	ci	devops	False
DEPLOY_CDK_STACK	fix	ci	sbx	False
DEPLOY_CDK_STACK	fix	ci	tst	False
DEPLOY_CDK_STACK	fix	ci	stg	False
DEPLOY_CDK_STACK	fix	ci	prd	False
DEPLOY_CDK_STACK	doc	local	devops	True
DEPLOY_CDK_STACK	doc	local	sbx	True
DEPLOY_CDK_STACK	doc	local	tst	True
DEPLOY_CDK_STACK	doc	local	stg	True
DEPLOY_CDK_STACK	doc	local	prd	True
DEPLOY_CDK_STACK	doc	ci	devops	False
DEPLOY_CDK_STACK	doc	ci	sbx	False
DEPLOY_CDK_STACK	doc	ci	tst	False
DEPLOY_CDK_STACK	doc	ci	stg	False
DEPLOY_CDK_STACK	doc	ci	prd	False
DEPLOY_CDK_STACK	ecr	local	devops	True
DEPLOY_CDK_STACK	ecr	local	sbx	True
DEPLOY_CDK_STACK	ecr	local	tst	True
DEPLOY_CDK_STACK	ecr	local	stg	True
DEPLOY_CDK_STACK	ecr	local	prd	True
DEPLOY_CDK_STACK	ecr	ci	devops	False
DEPLOY_CDK_STACK	ecr	ci	sbx	False
DEPLOY_CDK_STACK	ecr	ci	tst	False
DEPLOY_CDK_STACK	ecr	ci	stg	False
DEPLOY_CDK_STACK	ecr	ci	prd	False
DEPLOY_CDK_STACK	app	local	devops	True
DEPLOY_CDK_STACK	app	local	sbx	True
DEPLOY_CDK_STACK	app	local	tst	True
DEPLOY_CDK_STACK	app	local	stg	True
DEPLOY_CDK_STACK	app	local	prd	False
DEPLOY_CDK_STACK	app	ci	devops	True
DEPLOY_CDK_STACK	app	ci	sbx	True
DEPLOY_CDK_STACK	app	ci	tst	False
DEPLOY_CDK_STACK	app	ci	stg	False
DEPLOY_CDK_STACK	app	ci	prd	False
DEPLOY_CDK_STACK	release	local	devops	True
DEPLOY_CDK_STACK	release	local	sbx	True
DEPLOY_CDK_STACK	release	local	tst	True
DEPLOY_CDK_STACK	release	local	stg	True
DEPLOY_CDK_STACK	release	local	prd	True
DEPLOY_CDK_STACK	release	ci	devops	True
DEPLOY_CDK_STACK	release	ci	sbx	True
DEPLOY_CDK_STACK	release	ci	tst	True
DEPLOY_CDK_STACK	release	ci	stg	True
DEPLOY_CDK_STACK	release	ci	prd	True
DEPLOY_CDK_STACK	cleanup	local	devops	True
DEPLOY_CDK_STACK	cleanup	local	sbx	True
DEPLOY_CDK_STACK	cleanup	local	tst	True
DEPLOY_CDK_STACK	cleanup	local	stg	True
DEPLOY_CDK_STACK	cleanup	local	prd	False
DEPLOY_CDK_STACK	cleanup	ci	devops	False
DEPLOY_CDK_STACK	cleanup	ci	sbx	False
DEPLOY_CDK_STACK	cleanup	ci	tst	False
DEPLOY_CDK_STACK	cleanup	ci	stg	False
DEPLOY_CDK_STACK	cleanup	ci	prd	False
RUN_INTEGRATION_TEST	main	local	devops	True
RUN_INTEGRATION_TEST	main	local	sbx	True
RUN_INTEGRATION_TEST	main	local	tst	True
RUN_INTEGRATION_TEST	main	local	stg	True
RUN_INTEGRATION_TEST	main	local	prd	False
RUN_INTEGRATION_TEST	main	ci	devops	False
RUN_INTEGRATION_TEST	main	ci	sbx	False
RUN_INTEGRATION_TEST	main	ci	tst	False
RUN_INTEGRATION_TEST	main	ci	stg	False
RUN_INTEGRATION_TEST	main	ci	prd	False
RUN_INTEGRATION_TEST	feature	local	devops	True
RUN_INTEGRATION_TEST	feature	local	sbx	True
RUN_INTEGRATION_TEST	feature	local	tst	True
RUN_INTEGRATION_TEST	feature	local	stg	True
RUN_INTEGRATION_TEST	feature	local	prd	False
RUN_INTEGRATION_TEST	feature	ci	devops	False
RUN_INTEGRATION_TEST	feature	ci	sbx	False
RUN_INTEGRATION_TEST	feature	ci	tst	False
RUN_INTEGRATION_TEST	feature	ci	stg	False
RUN_INTEGRATION_TEST	feature	ci	prd	False
RUN_INTEGRATION_TEST	fix	local	devops	True
RUN_INTEGRATION_TEST	fix	local	sbx	True
RUN_INTEGRATION_TEST	fix	local	tst	True
RUN_INTEGRATION_TEST	fix	local	stg	True
RUN_INTEGRATION_TEST	fix	local	prd	False
RUN_INTEGRATION_TEST	fix	ci	devops	False
RUN_INTEGRATION_TEST	fix	ci	sbx	False
RUN_INTEGRATION_TEST	fix	ci	tst	False
RUN_INTEGRATION_TEST	fix	ci	stg	False
RUN_INTEGRATION_TEST	fix	ci	prd	False
RUN_INTEGRATION_TEST	doc	local	devops	True
RUN_INTEGRATION_TEST	doc	local	sbx	True
RUN_INTEGRATION_TEST	doc	local	tst	True
RUN_INTEGRATION_TEST	doc	local	stg	True
RUN_INTEGRATION_TEST	doc	local	prd	False
RUN_INTEGRATION_TEST	doc	ci	devops	False
RUN_INTEGRATION_TEST	doc	ci	sbx	False
RUN_INTEGRATION_TEST	doc	ci	tst	False
RUN_INTEGRATION_TEST	doc	ci	stg	False
RUN_INTEGRATION_TEST	doc	ci	prd	False
RUN_INTEGRATION_TEST	ecr	local	devops	True
RUN_INTEGRATION_TEST	ecr	local	sbx	True
RUN_INTEGRATION_TEST	ecr	local	tst	True
RUN_INTEGRATION_TEST	ecr	local	stg	True
RUN_INTEGRATION_TEST	ecr	local	prd	False
RUN_INTEGRATION_TEST	ecr	ci	devops	False
RUN_INTEGRATION_TEST	ecr	ci	sbx	False
RUN_INTEGRATION_TEST	ecr	ci	tst	False
RUN_INTEGRATION_TEST	ecr	ci	stg	False
RUN_INTEGRATION_TEST	ecr	ci	prd	False
RUN_INTEGRATION_TEST	app	local	devops	True
RUN_INTEGRATION_TEST	app	local	sbx	True
RUN_INTEGRATION_TEST	app	local	tst	True
RUN_INTEGRATION_TEST	app	local	stg	True
RUN_INTEGRATION_TEST	app	local	prd	False
RUN_INTEGRATION_TEST	app	ci	devops	True
RUN_INTEGRATION_TEST	app	ci	sbx	True
RUN_INTEGRATION_TEST	app	ci	tst	True
RUN_INTEGRATION_TEST	app	ci	stg	True
RUN_INTEGRATION_TEST	app	ci	prd	False
RUN_INTEGRATION_TEST	release	local	devops	True
RUN_INTEGRATION_TEST	release	local	sbx	True
RUN_INTEGRATION_TEST	release	local	tst	True
RUN_INTEGRATION_TEST	release	local	stg	True
RUN_INTEGRATION_TEST	release	local	prd	False
RUN_INTEGRATION_TEST	release	ci	devops	True
RUN_INTEGRATION_TEST	release	ci	sbx	True
RUN_INTEGRATION_TEST	release	ci	tst	True
RUN_INTEGRATION_TEST	release	ci	stg	True
RUN_INTEGRATION_TEST	release	ci	prd	False
RUN_INTEGRATION_TEST	cleanup	local	devops	False
RUN_INTEGRATION_TEST	cleanup	local	sbx	False
RUN_INTEGRATION_TEST	cleanup	local	tst	False
RUN_INTEGRATION_TEST	cleanup	local	stg	False
RUN_INTEGRATION_TEST	cleanup	local	prd	False
RUN_INTEGRATION_TEST	cleanup	ci	devops	False
RUN_INTEGRATION_TEST	cleanup	ci	sbx	False
RUN_INTEGRATION_TEST	cleanup	ci	tst	False
RUN_INTEGRATION_TEST	cleanup	ci	stg	False
RUN_INTEGRATION_TEST	cleanup	ci	prd	False
PUBLISH_NEW_LAMBDA_VERSION	main	local	devops	False
PUBLISH_NEW_LAMBDA_VERSION	main	local	sbx	False
PUBLISH_NEW_LAMBDA_VERSION	main	local	tst	False
PUBLISH_NEW_LAMBDA_VERSION	main	local	stg	False
PUBLISH_NEW_LAMBDA_VERSION	main	local	prd	False
PUBLISH_NEW_LAMBDA_VERSION	main	ci	devops	False
PUBLISH_NEW_LAMBDA_VERSION	main	ci	sbx	False
PUBLISH_NEW_LAMBDA_VERSION	main	ci	tst	False
PUBLISH_NEW_LAMBDA_VERSION	main	ci	stg	False
PUBLISH_NEW_LAMBDA_VERSION	main	ci	prd	False
PUBLISH_NEW_LAMBDA_VERSION	feature	local	devops	False
PUBLISH_NEW_LAMBDA_VERSION	feature	local	sbx	False
PUBLISH_NEW_LAMBDA_VERSION	feature	local	tst	False
PUBLISH_NEW_LAMBDA_VERSION	feature	local	stg	False
PUBLISH_NEW_LAMBDA_VERSION	feature	local	prd	False
PUBLISH_NEW_LAMBDA_VERSION	feature	ci	devops	False
PUBLISH_NEW_LAMBDA_VERSION	feature	ci	sbx	False
PUBLISH_NEW_LAMBDA_VERSION	feature	ci	tst	False
PUBLISH_NEW_LAMBDA_VERSION	feature	ci	stg	False
PUBLISH_NEW_LAMBDA_VERSION	feature	ci	prd	False
PUBLISH_NEW_LAMBDA_VERSION	fix	local	devops	False
PUBLISH_NEW_LAMBDA_VERSION	fix	local	sbx	False
PUBLISH_NEW_LAMBDA_VERSION	fix	local	tst	False
PUBLISH_NEW_LAMBDA_VERSION	fix	local	stg	False
PUBLISH_NEW_LAMBDA_VERSION	fix	local	prd	False
PUBLISH_NEW_LAMBDA_VERSION	fix	ci	devops	False
PUBLISH_NEW_LAMBDA_VERSION	fix	ci	sbx	False
PUBLISH_NEW_LAMBDA_VERSION	fix	ci	tst	False
PUBLISH_NEW_LAMBDA_VERSION	fix	ci	stg	False
PUBLISH_NEW_LAMBDA_VERSION	fix	ci	prd	False
PUBLISH_NEW_LAMBDA_VERSION	doc	local	devops	False
PUBLISH_NEW_LAMBDA_VERSION	doc	local	sbx	False
PUBLISH_NEW_LAMBDA_VERSION	doc	local	tst	False
PUBLISH_NEW_LAMBDA_VERSION	doc	local	stg	False
PUBLISH_NEW_LAMBDA_VERSION	doc	local	prd	False
PUBLISH_NEW_LAMBDA_VERSION	doc	ci	devops	False
PUBLISH_NEW_LAMBDA_VERSION	doc	ci	sbx	False
PUBLISH_NEW_LAMBDA_VERSION	doc	ci	tst	False
PUBLISH_NEW_LAMBDA_VERSION	doc	ci	stg	False
PUBLISH_NEW_LAMBDA_VERSION	doc	ci	prd	False
PUBLISH_NEW_LAMBDA_VERSION	ecr	local	devops	False
PUBLISH_NEW_LAMBDA_VERSION	ecr	local	sbx	False
PUBLISH_NEW_LAMBDA_VERSION	ecr	local	tst	False
PUBLISH_NEW_LAMBDA_VERSION	ecr	local	stg	False
PUBLISH_NEW_LAMBDA_VERSION	ecr	local	prd	False
PUBLISH_NEW_LAMBDA_VERSION	ecr	ci	devops	False
PUBLISH_NEW_LAMBDA_VERSION	ecr	ci	sbx	False
PUBLISH_NEW_LAMBDA_VERSION	ecr	ci	tst	False
PUBLISH_NEW_LAMBDA_VERSION	ecr	ci	stg	False
PUBLISH_NEW_LAMBDA_VERSION	ecr	ci	prd	False
PUBLISH_NEW_LAMBDA_VERSION	app	local	devops	False
PUBLISH_NEW_LAMBDA_VERSION	app	local	sbx	False
PUBLISH_NEW_LAMBDA_VERSION	app	local	tst	False
PUBLISH_NEW_LAMBDA_VERSION	app	local	stg	False
PUBLISH_NEW_LAMBDA_VERSION	app	local	prd	False
PUBLISH_NEW_LAMBDA_VERSION	app	ci	devops	False
PUBLISH_NEW_LAMBDA_VERSION	app	ci	sbx	False
PUBLISH_NEW_LAMBDA_VERSION	app	ci	tst	False
PUBLISH_NEW_LAMBDA_VERSION	app	ci	stg	False
PUBLISH_NEW_LAMBDA_VERSION	app	ci	prd	False
PUBLISH_NEW_LAMBDA_VERSION	release	local	devops	True
PUBLISH_NEW_LAMBDA_VERSION	release	local	sbx	True
PUBLISH_NEW_LAMBDA_VERSION	release	local	tst	True
PUBLISH_NEW_LAMBDA_VERSION	release	local	stg	True
PUBLISH_NEW_LAMBDA_VERSION	release	local	prd	True
PUBLISH_NEW_LAMBDA_VERSION	release	ci	devops	False
PUBLISH_NEW_LAMBDA_VERSION	release	ci	sbx	False
PUBLISH_NEW_LAMBDA_VERSION	release	ci	tst	False
PUBLISH_NEW_LAMBDA_VERSION	release	ci	stg	False
PUBLISH_NEW_LAMBDA_VERSION	release	ci	prd	True
PUBLISH_NEW_LAMBDA_VERSION	cleanup	local	devops	False
PUBLISH_NEW_LAMBDA_VERSION	cleanup	local	sbx	False
PUBLISH_NEW_LAMBDA_VERSION	cleanup	local	tst	False
PUBLISH_NEW_LAMBDA_VERSION	cleanup	local	stg	False
PUBLISH_NEW_LAMBDA_VERSION	cleanup	local	prd	False
PUBLISH_NEW_LAMBDA_VERSION	cleanup	ci	devops	False
PUBLISH_NEW_LAMBDA_VERSION	cleanup	ci	sbx	False
PUBLISH_NEW_LAMBDA_VERSION	cleanup	ci	tst	False
PUBLISH_NEW_LAMBDA_VERSION	cleanup	ci	stg	False
PUBLISH_NEW_LAMBDA_VERSION	cleanup	ci	prd	False
CREATE_ARTIFACT_SNAPSHOT	main	local	devops	False
CREATE_ARTIFACT_SNAPSHOT	main	local	sbx	False
CREATE_ARTIFACT_SNAPSHOT	main	local	tst	False
CREATE_ARTIFACT_SNAPSHOT	main	local	stg	False
CREATE_ARTIFACT_SNAPSHOT	main	local	prd	False
CREATE_ARTIFACT_SNAPSHOT	main	ci	devops	False
CREATE_ARTIFACT_SNAPSHOT	main	ci	sbx	False
CREATE_ARTIFACT_SNAPSHOT	main	ci	tst	False
CREATE_ARTIFACT_SNAPSHOT	main	ci	stg	False
CREATE_ARTIFACT_SNAPSHOT	main	ci	prd	False
CREATE_ARTIFACT_SNAPSHOT	feature	local	devops	False
CREATE_ARTIFACT_SNAPSHOT	feature	local	sbx	False
CREATE_ARTIFACT_SNAPSHOT	feature	local	tst	False
CREATE_ARTIFACT_SNAPSHOT	feature	local	stg	False
CREATE_ARTIFACT_SNAPSHOT	feature	local	prd	False
CREATE_ARTIFACT_SNAPSHOT	feature	ci	devops	False
CREATE_ARTIFACT_SNAPSHOT	feature	ci	sbx	False
CREATE_ARTIFACT_SNAPSHOT	feature	ci	tst	False
CREATE_ARTIFACT_SNAPSHOT	feature	ci	stg	False
CREATE_ARTIFACT_SNAPSHOT	feature	ci	prd	False
CREATE_ARTIFACT_SNAPSHOT	fix	local	devops	False
CREATE_ARTIFACT_SNAPSHOT	fix	local	sbx	False
CREATE_ARTIFACT_SNAPSHOT	fix	local	tst	False
CREATE_ARTIFACT_SNAPSHOT	fix	local	stg	False
CREATE_ARTIFACT_SNAPSHOT	fix	local	prd	False
CREATE_ARTIFACT_SNAPSHOT	fix	ci	devops	False
CREATE_ARTIFACT_SNAPSHOT	fix	ci	sbx	False
CREATE_ARTIFACT_SNAPSHOT	fix	ci	tst	False
CREATE_ARTIFACT_SNAPSHOT	fix	ci	stg	False
CREATE_ARTIFACT_SNAPSHOT	fix	ci	prd	False
CREATE_ARTIFACT_SNAPSHOT	doc	local	devops	False
CREATE_ARTIFACT_SNAPSHOT	doc	local	sbx	False
CREATE_ARTIFACT_SNAPSHOT	doc	local	tst	False
CREATE_ARTIFACT_SNAPSHOT	doc	local	stg	False
CREATE_ARTIFACT_SNAPSHOT	doc	local	prd	False
CREATE_ARTIFACT_SNAPSHOT	doc	ci	devops	False
CREATE_ARTIFACT_SNAPSHOT	doc	ci	sbx	False
CREATE_ARTIFACT_SNAPSHOT	doc	ci	tst	False
CREATE_ARTIFACT_SNAPSHOT	doc	ci	stg	False
CREATE_ARTIFACT_SNAPSHOT	doc	ci	prd	False
CREATE_ARTIFACT_SNAPSHOT	ecr	local	devops	False
CREATE_ARTIFACT_SNAPSHOT	ecr	local	sbx	False
CREATE_ARTIFACT_SNAPSHOT	ecr	local	tst	False
CREATE_ARTIFACT_SNAPSHOT	ecr	local	stg	False
CREATE_ARTIFACT_SNAPSHOT	ecr	local	prd	False
CREATE_ARTIFACT_SNAPSHOT	ecr	ci	devops	False
CREATE_ARTIFACT_SNAPSHOT	ecr	ci	sbx	False
CREATE_ARTIFACT_SNAPSHOT	ecr	ci	tst	False
CREATE_ARTIFACT_SNAPSHOT	ecr	ci	stg	False
CREATE_ARTIFACT_SNAPSHOT	ecr	ci	prd	False
CREATE_ARTIFACT_SNAPSHOT	app	local	devops	False
CREATE_ARTIFACT_SNAPSHOT	app	local	sbx	False
CREATE_ARTIFACT_SNAPSHOT	app	local	tst	False
CREATE_ARTIFACT_SNAPSHOT	app	local	stg	False
CREATE_ARTIFACT_SNAPSHOT	app	local	prd	False
CREATE_ARTIFACT_SNAPSHOT	app	ci	devops	False
CREATE_ARTIFACT_SNAPSHOT	app	ci	sbx	False
CREATE_ARTIFACT_SNAPSHOT	app	ci	tst	False
CREATE_ARTIFACT_SNAPSHOT	app	ci	stg	False
CREATE_ARTIFACT_SNAPSHOT	app	ci	prd	False
CREATE_ARTIFACT_SNAPSHOT	release	local	devops	True
CREATE_ARTIFACT_SNAPSHOT	release	local	sbx	True
CREATE_ARTIFACT_SNAPSHOT	release	local	tst	True
CREATE_ARTIFACT_SNAPSHOT	release	local	stg	True
CREATE_ARTIFACT_SNAPSHOT	release	local	prd	True
CREATE_ARTIFACT_SNAPSHOT	release	ci	devops	False
CREATE_ARTIFACT_SNAPSHOT	release	ci	sbx	False
CREATE_ARTIFACT_SNAPSHOT	release	ci	tst	False
CREATE_ARTIFACT_SNAPSHOT	release	ci	stg	False
CREATE_ARTIFACT_SNAPSHOT	release	ci	prd	True
CREATE_ARTIFACT_SNAPSHOT	cleanup	local	devops	False
CREATE_ARTIFACT_SNAPSHOT	cleanup	local	sbx	False
CREATE_ARTIFACT_SNAPSHOT	cleanup	local	tst	False
CREATE_ARTIFACT_SNAPSHOT	cleanup	local	stg	False
CREATE_ARTIFACT_SNAPSHOT	cleanup	local	prd	False
CREATE_ARTIFACT_SNAPSHOT	cleanup	ci	devops	False
CREATE_ARTIFACT_SNAPSHOT	cleanup	ci	sbx	False
CREATE_ARTIFACT_SNAPSHOT	cleanup	ci	tst	False
CREATE_ARTIFACT_SNAPSHOT	cleanup	ci	stg	False
CREATE_ARTIFACT_SNAPSHOT	cleanup	ci	prd	False
CREATE_GIT_TAG	main	local	devops	False
CREATE_GIT_TAG	main	local	sbx	False
CREATE_GIT_TAG	main	local	tst	False
CREATE_GIT_TAG	main	local	stg	False
CREATE_GIT_TAG	main	local	prd	False
CREATE_GIT_TAG	main	ci	devops	False
CREATE_GIT_TAG	main	ci	sbx	False
CREATE_GIT_TAG	main	ci	tst	False
CREATE_GIT_TAG	main	ci	stg	False
CREATE_GIT_TAG	main	ci	prd	False
CREATE_GIT_TAG	feature	local	devops	False
CREATE_GIT_TAG	feature	local	sbx	False
CREATE_GIT_TAG	feature	local	tst	False
CREATE_GIT_TAG	feature	local	stg	False
CREATE_GIT_TAG	feature	local	prd	False
CREATE_GIT_TAG	feature	ci	devops	False
CREATE_GIT_TAG	feature	ci	sbx	False
CREATE_GIT_TAG	feature	ci	tst	False
CREATE_GIT_TAG	feature	ci	stg	False
CREATE_GIT_TAG	feature	ci	prd	False
CREATE_GIT_TAG	fix	local	devops	False
CREATE_GIT_TAG	fix	local	sbx	False
CREATE_GIT_TAG	fix	local	tst	False
CREATE_GIT_TAG	fix	local	stg	False
CREATE_GIT_TAG	fix	local	prd	False
CREATE_GIT_TAG	fix	ci	devops	False
CREATE_GIT_TAG	fix	ci	sbx	False
CREATE_GIT_TAG	fix	ci	tst	False
CREATE_GIT_TAG	fix	ci	stg	False
CREATE_GIT_TAG	fix	ci	prd	False
CREATE_GIT_TAG	doc	local	devops	False
CREATE_GIT_TAG	doc	local	sbx	False
CREATE_GIT_TAG	doc	local	tst	False
CREATE_GIT_TAG	doc	local	stg	False
CREATE_GIT_TAG	doc	local	prd	False
CREATE_GIT_TAG	doc	ci	devops	False
CREATE_GIT_TAG	doc	ci	sbx	False
CREATE_GIT_TAG	doc	ci	tst	False
CREATE_GIT_TAG	doc	ci	stg	False
CREATE_GIT_TAG	doc	ci	prd	False
CREATE_GIT_TAG	ecr	local	devops	False
CREATE_GIT_TAG	ecr	local	sbx	False
CREATE_GIT_TAG	ecr	local	tst	False
CREATE_GIT_TAG	ecr	local	stg	False
CREATE_GIT_TAG	ecr	local	prd	False
CREATE_GIT_TAG	ecr	ci	devops	False
CREATE_GIT_TAG	ecr	ci	sbx	False
CREATE_GIT_TAG	ecr	ci	tst	False
CREATE_GIT_TAG	ecr	ci	stg	False
CREATE_GIT_TAG	ecr	ci	prd	False
CREATE_GIT_TAG	app	local	devops	False
CREATE_GIT_TAG	app	local	sbx	False
CREATE_GIT_TAG	app	local	tst	False
CREATE_GIT_TAG	app	local	stg	False
CREATE_GIT_TAG	app	local	prd	False
CREATE_GIT_TAG	app	ci	devops	False
CREATE_GIT_TAG	app	ci	sbx	False
CREATE_GIT_TAG	app	ci	tst	False
CREATE_GIT_TAG	app	ci	stg	False
CREATE_GIT_TAG	app	ci	prd	False
CREATE_GIT_TAG	release	local	devops	True
CREATE_GIT_TAG	release	local	sbx	True
CREATE_GIT_TAG	release	local	tst	True
CREATE_GIT_TAG	release	local	stg	True
CREATE_GIT_TAG	release	local	prd	True
CREATE_GIT_TAG	release	ci	devops	False
CREATE_GIT_TAG	release	ci	sbx	False
CREATE_GIT_TAG	release	ci	tst	False
CREATE_GIT_TAG	release	ci	stg	False
CREATE_GIT_TAG	release	ci	prd	True
CREATE_GIT_TAG	cleanup	local	devops	False
CREATE_GIT_TAG	cleanup	local	sbx	False
CREATE_GIT_TAG	cleanup	local	tst	False
CREATE_GIT_TAG	cleanup	local	stg	False
CREATE_GIT_TAG	cleanup	local	prd	False
CREATE_GIT_TAG	cleanup	ci	devops	False
CREATE_GIT_TAG	cleanup	ci	sbx	False
CREATE_GIT_TAG	cleanup	ci	tst	False
CREATE_GIT_TAG	cleanup	ci	stg	False
CREATE_GIT_TAG	cleanup	ci	prd	False
DELETE_CDK_STACK	main	local	devops	True
DELETE_CDK_STACK	main	local	sbx	True
DELETE_CDK_STACK	main	local	tst	True
DELETE_CDK_STACK	main	local	stg	True
DELETE_CDK_STACK	main	local	prd	False
DELETE_CDK_STACK	main	ci	devops	False
DELETE_CDK_STACK	main	ci	sbx	False
DELETE_CDK_STACK	main	ci	tst	False
DELETE_CDK_STACK	main	ci	stg	False
DELETE_CDK_STACK	main	ci	prd	False
DELETE_CDK_STACK	feature	local	devops	True
DELETE_CDK_STACK	feature	local	sbx	True
DELETE_CDK_STACK	feature	local	tst	True
DELETE_CDK_STACK	feature	local	stg	True
DELETE_CDK_STACK	feature	local	prd	False
DELETE_CDK_STACK	feature	ci	devops	False
DELETE_CDK_STACK	feature	ci	sbx	False
DELETE_CDK_STACK	feature	ci	tst	False
DELETE_CDK_STACK	feature	ci	stg	False
DELETE_CDK_STACK	feature	ci	prd	False
DELETE_CDK_STACK	fix	local	devops	True
DELETE_CDK_STACK	fix	local	sbx	True
DELETE_CDK_STACK	fix	local	tst	True
DELETE_CDK_STACK	fix	local	stg	True
DELETE_CDK_STACK	fix	local	prd	False
DELETE_CDK_STACK	fix	ci	devops	False
DELETE_CDK_STACK	fix	ci	sbx	False
DELETE_CDK_STACK	fix	ci	tst	False
DELETE_CDK_STACK	fix	ci	stg	False
DELETE_CDK_STACK	fix	ci	prd	False
DELETE_CDK_STACK	doc	local	devops	True
DELETE_CDK_STACK	doc	local	sbx	True
DELETE_CDK_STACK	doc	local	tst	True
DELETE_CDK_STACK	doc	local	stg	True
DELETE_CDK_STACK	doc	local	prd	False
DELETE_CDK_STACK	doc	ci	devops	False
DELETE_CDK_STACK	doc	ci	sbx	False
DELETE_CDK_STACK	doc	ci	tst	False
DELETE_CDK_STACK	doc	ci	stg	False
DELETE_CDK_STACK	doc	ci	prd	False
DELETE_CDK_STACK	ecr	local	devops	True
DELETE_CDK_STACK	ecr	local	sbx	True
DELETE_CDK_STACK	ecr	local	tst	True
DELETE_CDK_STACK	ecr	local	stg	True
DELETE_CDK_STACK	ecr	local	prd	False
DELETE_CDK_STACK	ecr	ci	devops	False
DELETE_CDK_STACK	ecr	ci	sbx	False
DELETE_CDK_STACK	ecr	ci	tst	False
DELETE_CDK_STACK	ecr	ci	stg	False
DELETE_CDK_STACK	ecr	ci	prd	False
DELETE_CDK_STACK	app	local	devops	True
DELETE_CDK_STACK	app	local	sbx	True
DELETE_CDK_STACK	app	local	tst	True
DELETE_CDK_STACK	app	local	stg	True
DELETE_CDK_STACK	app	local	prd	False
DELETE_CDK_STACK	app	ci	devops	False
DELETE_CDK_STACK	app	ci	sbx	False
DELETE_CDK_STACK	app	ci	tst	False
DELETE_CDK_STACK	app	ci	stg	False
DELETE_CDK_STACK	app	ci	prd	False
DELETE_CDK_STACK	release	local	devops	True
DELETE_CDK_STACK	release	local	sbx	True
DELETE_CDK_STACK	release	local	tst	True
DELETE_CDK_STACK	release	local	stg	True
DELETE_CDK_STACK	release	local	prd	False
DELETE_CDK_STACK	release	ci	devops	False
DELETE_CDK_STACK	release	ci	sbx	False
DELETE_CDK_STACK	release	ci	tst	False
DELETE_CDK_STACK	release	ci	stg	False
DELETE_CDK_STACK	release	ci	prd	False
DELETE_CDK_STACK	cleanup	local	devops	True
DELETE_CDK_STACK	cleanup	local	sbx	True
DELETE_CDK_STACK	cleanup	local	tst	True
DELETE_CDK_STACK	cleanup	local	stg	True
DELETE_CDK_STACK	cleanup	local	prd	True
DELETE_CDK_STACK	cleanup	ci	devops	True
DELETE_CDK_STACK	cleanup	ci	sbx	True
DELETE_CDK_STACK	cleanup	ci	tst	True
DELETE_CDK_STACK	cleanup	ci	stg	True
DELETE_CDK_STACK	cleanup	ci	prd	True
DELETE_ARTIFACT_SNAPSHOT	main	local	devops	False
DELETE_ARTIFACT_SNAPSHOT	main	local	sbx	False
DELETE_ARTIFACT_SNAPSHOT	main	local	tst	False
DELETE_ARTIFACT_SNAPSHOT	main	local	stg	False
DELETE_ARTIFACT_SNAPSHOT	main	local	prd	False
DELETE_ARTIFACT_SNAPSHOT	main	ci	devops	False
DELETE_ARTIFACT_SNAPSHOT	main	ci	sbx	False
DELETE_ARTIFACT_SNAPSHOT	main	ci	tst	False
DELETE_ARTIFACT_SNAPSHOT	main	ci	stg	False
DELETE_ARTIFACT_SNAPSHOT	main	ci	prd	False
DELETE_ARTIFACT_SNAPSHOT	feature	local	devops	False
DELETE_ARTIFACT_SNAPSHOT	feature	local	sbx	False
DELETE_ARTIFACT_SNAPSHOT	feature	local	tst	False
DELETE_ARTIFACT_SNAPSHOT	feature	local	stg	False
DELETE_ARTIFACT_SNAPSHOT	feature	local	prd	False
DELETE_ARTIFACT_SNAPSHOT	feature	ci	devops	False
DELETE_ARTIFACT_SNAPSHOT	feature	ci	sbx	False
DELETE_ARTIFACT_SNAPSHOT	feature	ci	tst	False
DELETE_ARTIFACT_SNAPSHOT	feature	ci	stg	False
DELETE_ARTIFACT_SNAPSHOT	feature	ci	prd	False
DELETE_ARTIFACT_SNAPSHOT	fix	local	devops	False
DELETE_ARTIFACT_SNAPSHOT	fix	local	sbx	False
DELETE_ARTIFACT_SNAPSHOT	fix	local	tst	False
DELETE_ARTIFACT_SNAPSHOT	fix	local	stg	False
DELETE_ARTIFACT_SNAPSHOT	fix	local	prd	False
DELETE_ARTIFACT_SNAPSHOT	fix	ci	devops	False
DELETE_ARTIFACT_SNAPSHOT	fix	ci	sbx	False
DELETE_ARTIFACT_SNAPSHOT	fix	ci	tst	False
DELETE_ARTIFACT_SNAPSHOT	fix	ci	stg	False
DELETE_ARTIFACT_SNAPSHOT	fix	ci	prd	False
DELETE_ARTIFACT_SNAPSHOT	doc	local	devops	False
DELETE_ARTIFACT_SNAPSHOT	doc	local	sbx	False
DELETE_ARTIFACT_SNAPSHOT	doc	local	tst	False
DELETE_ARTIFACT_SNAPSHOT	doc	local	stg	False
DELETE_ARTIFACT_SNAPSHOT	doc	local	prd	False
DELETE_ARTIFACT_SNAPSHOT	doc	ci	devops	False
DELETE_ARTIFACT_SNAPSHOT	doc	ci	sbx	False
DELETE_ARTIFACT_SNAPSHOT	doc	ci	tst	False
DELETE_ARTIFACT_SNAPSHOT	doc	ci	stg	False
DELETE_ARTIFACT_SNAPSHOT	doc	ci	prd	False
DELETE_ARTIFACT_SNAPSHOT	ecr	local	devops	False
DELETE_ARTIFACT_SNAPSHOT	ecr	local	sbx	False
DELETE_ARTIFACT_SNAPSHOT	ecr	local	tst	False
DELETE_ARTIFACT_SNAPSHOT	ecr	local	stg	False
DELETE_ARTIFACT_SNAPSHOT	ecr	local	prd	False
DELETE_ARTIFACT_SNAPSHOT	ecr	ci	devops	False
DELETE_ARTIFACT_SNAPSHOT	ecr	ci	sbx	False
DELETE_ARTIFACT_SNAPSHOT	ecr	ci	tst	False
DELETE_ARTIFACT_SNAPSHOT	ecr	ci	stg	False
DELETE_ARTIFACT_SNAPSHOT	ecr	ci	prd	False
DELETE_ARTIFACT_SNAPSHOT	app	local	devops	False
DELETE_ARTIFACT_SNAPSHOT	app	local	sbx	False
DELETE_ARTIFACT_SNAPSHOT	app	local	tst	False
DELETE_ARTIFACT_SNAPSHOT	app	local	stg	False
DELETE_ARTIFACT_SNAPSHOT	app	local	prd	False
DELETE_ARTIFACT_SNAPSHOT	app	ci	devops	False
DELETE_ARTIFACT_SNAPSHOT	app	ci	sbx	False
DELETE_ARTIFACT_SNAPSHOT	app	ci	tst	False
DELETE_ARTIFACT_SNAPSHOT	app	ci	stg	False
DELETE_ARTIFACT_SNAPSHOT	app	ci	prd	False
DELETE_ARTIFACT_SNAPSHOT	release	local	devops	False
DELETE_ARTIFACT_SNAPSHOT	release	local	sbx	False
DELETE_ARTIFACT_SNAPSHOT	release	local	tst	False
DELETE_ARTIFACT_SNAPSHOT	release	local	stg	False
DELETE_ARTIFACT_SNAPSHOT	release	local	prd	False
DELETE_ARTIFACT_SNAPSHOT	release	ci	devops	False
DELETE_ARTIFACT_SNAPSHOT	release	ci	sbx	False
DELETE_ARTIFACT_SNAPSHOT	release	ci	tst	False
DELETE_ARTIFACT_SNAPSHOT	release	ci	stg	False
DELETE_ARTIFACT_SNAPSHOT	release	ci	prd	False
DELETE_ARTIFACT_SNAPSHOT	cleanup	local	devops	True
DELETE_ARTIFACT_SNAPSHOT	cleanup	local	sbx	True
DELETE_ARTIFACT_SNAPSHOT	cleanup	local	tst	True
DELETE_ARTIFACT_SNAPSHOT	cleanup	local	stg	True
DELETE_ARTIFACT_SNAPSHOT	cleanup	local	prd	True
DELETE_ARTIFACT_SNAPSHOT	cleanup	ci	devops	True
DELETE_ARTIFACT_SNAPSHOT	cleanup	ci	sbx	True
DELETE_ARTIFACT_SNAPSHOT	cleanup	ci	tst	True
DELETE_ARTIFACT_SNAPSHOT	cleanup	ci	stg	True
DELETE_ARTIFACT_SNAPSHOT	cleanup	ci	prd	True
DELETE_CONFIG	main	local	devops	False
DELETE_CONFIG	main	local	sbx	False
DELETE_CONFIG	main	local	tst	False
DELETE_CONFIG	main	local	stg	False
DELETE_CONFIG	main	local	prd	False
DELETE_CONFIG	main	ci	devops	False
DELETE_CONFIG	main	ci	sbx	False
DELETE_CONFIG	main	ci	tst	False
DELETE_CONFIG	main	ci	stg	False
DELETE_CONFIG	main	ci	prd	False
DELETE_CONFIG	feature	local	devops	False
DELETE_CONFIG	feature	local	sbx	False
DELETE_CONFIG	feature	local	tst	False
DELETE_CONFIG	feature	local	stg	False
DELETE_CONFIG	feature	local	prd	False
DELETE_CONFIG	feature	ci	devops	False
DELETE_CONFIG	feature	ci	sbx	False
DELETE_CONFIG	feature	ci	tst	False
DELETE_CONFIG	feature	ci	stg	False
DELETE_CONFIG	feature	ci	prd	False
DELETE_CONFIG	fix	local	devops	False
DELETE_CONFIG	fix	local	sbx	False
DELETE_CONFIG	fix	local	tst	False
DELETE_CONFIG	fix	local	stg	False
DELETE_CONFIG	fix	local	prd	False
DELETE_CONFIG	fix	ci	devops	False
DELETE_CONFIG	fix	ci	sbx	False
DELETE_CONFIG	fix	ci	tst	False
DELETE_CONFIG	fix	ci	stg	False
DELETE_CONFIG	fix	ci	prd	False
DELETE_CONFIG	doc	local	devops	False
DELETE_CONFIG	doc	local	sbx	False
DELETE_CONFIG	doc	local	tst	False
DELETE_CONFIG	doc	local	stg	False
DELETE_CONFIG	doc	local	prd	False
DELETE_CONFIG	doc	ci	devops	False
DELETE_CONFIG	doc	ci	sbx	False
DELETE_CONFIG	doc	ci	tst	False
DELETE_CONFIG	doc	ci	stg	False
DELETE_CONFIG	doc	ci	prd	False
DELETE_CONFIG	ecr	local	devops	False
DELETE_CONFIG	ecr	local	sbx	False
DELETE_CONFIG	ecr	local	tst	False
DELETE_CONFIG	ecr	local	stg	False
DELETE_CONFIG	ecr	local	prd	False
DELETE_CONFIG	ecr	ci	devops	False
DELETE_CONFIG	ecr	ci	sbx	False
DELETE_CONFIG	ecr	ci	tst	False
DELETE_CONFIG	ecr	ci	stg	False
DELETE_CONFIG	ecr	ci	prd	False
DELETE_CONFIG	app	local	devops	False
DELETE_CONFIG	app	local	sbx	False
DELETE_CONFIG	app	local	tst	False
DELETE_CONFIG	app	local	stg	False
DELETE_CONFIG	app	local	prd	False
DELETE_CONFIG	app	ci	devops	False
DELETE_CONFIG	app	ci	sbx	False
DELETE_CONFIG	app	ci	tst	False
DELETE_CONFIG	app	ci	stg	False
DELETE_CONFIG	app	ci	prd	False
DELETE_CONFIG	release	local	devops	False
DELETE_CONFIG	release	local	sbx	False
DELETE_CONFIG	release	local	tst	False
DELETE_CONFIG	release	local	stg	False
DELETE_CONFIG	release	local	prd	False
DELETE_CONFIG	release	ci	devops	False
DELETE_CONFIG	release	ci	sbx	False
DELETE_CONFIG	release	ci	tst	False
DELETE_CONFIG	release	ci	stg	False
DELETE_CONFIG	release	ci	prd	False
DELETE_CONFIG	cleanup	local	devops	True
DELETE_CONFIG	cleanup	local	sbx	True
DELETE_CONFIG	cleanup	local	tst	True
DELETE_CONFIG	cleanup	local	stg	True
DELETE_CONFIG	cleanup	local	prd	True
DELETE_CONFIG	cleanup	ci	devops	True
DELETE_CONFIG	cleanup	ci	sbx	True
DELETE_CONFIG	cleanup	ci	tst	True
DELETE_CONFIG	cleanup	ci	stg	True
DELETE_CONFIG	cleanup	ci	prd	True
