step	semantic_branch_name	runtime_name	env_name	should_we_do_it
CREATE_VIRTUALENV	main	local	devops	0
CREATE_VIRTUALENV	main	local	sbx	0
CREATE_VIRTUALENV	main	local	tst	0
CREATE_VIRTUALENV	main	local	stg	0
CREATE_VIRTUALENV	main	local	prd	0
CREATE_VIRTUALENV	main	ci	devops	0
CREATE_VIRTUALENV	main	ci	sbx	0
CREATE_VIRTUALENV	main	ci	tst	0
CREATE_VIRTUALENV	main	ci	stg	0
CREATE_VIRTUALENV	main	ci	prd	0
CREATE_VIRTUALENV	feature	local	devops	0
CREATE_VIRTUALENV	feature	local	sbx	0
CREATE_VIRTUALENV	feature	local	tst	0
CREATE_VIRTUALENV	feature	local	stg	0
CREATE_VIRTUALENV	feature	local	prd	0
CREATE_VIRTUALENV	feature	ci	devops	0
CREATE_VIRTUALENV	feature	ci	sbx	0
CREATE_VIRTUALENV	feature	ci	tst	0
CREATE_VIRTUALENV	feature	ci	stg	0
CREATE_VIRTUALENV	feature	ci	prd	0
CREATE_VIRTUALENV	fix	local	devops	0
CREATE_VIRTUALENV	fix	local	sbx	0
CREATE_VIRTUALENV	fix	local	tst	0
CREATE_VIRTUALENV	fix	local	stg	0
CREATE_VIRTUALENV	fix	local	prd	0
CREATE_VIRTUALENV	fix	ci	devops	0
CREATE_VIRTUALENV	fix	ci	sbx	0
CREATE_VIRTUALENV	fix	ci	tst	0
CREATE_VIRTUALENV	fix	ci	stg	0
CREATE_VIRTUALENV	fix	ci	prd	0
CREATE_VIRTUALENV	doc	local	devops	0
CREATE_VIRTUALENV	doc	local	sbx	0
CREATE_VIRTUALENV	doc	local	tst	0
CREATE_VIRTUALENV	doc	local	stg	0
CREATE_VIRTUALENV	doc	local	prd	0
CREATE_VIRTUALENV	doc	ci	devops	0
CREATE_VIRTUALENV	doc	ci	sbx	0
CREATE_VIRTUALENV	doc	ci	tst	0
CREATE_VIRTUALENV	doc	ci	stg	0
CREATE_VIRTUALENV	doc	ci	prd	0
CREATE_VIRTUALENV	layer	local	devops	0
CREATE_VIRTUALENV	layer	local	sbx	0
CREATE_VIRTUALENV	layer	local	tst	0
CREATE_VIRTUALENV	layer	local	stg	0
CREATE_VIRTUALENV	layer	local	prd	0
CREATE_VIRTUALENV	layer	ci	devops	0
CREATE_VIRTUALENV	layer	ci	sbx	0
CREATE_VIRTUALENV	layer	ci	tst	0
CREATE_VIRTUALENV	layer	ci	stg	0
CREATE_VIRTUALENV	layer	ci	prd	0
CREATE_VIRTUALENV	app	local	devops	0
CREATE_VIRTUALENV	app	local	sbx	0
CREATE_VIRTUALENV	app	local	tst	0
CREATE_VIRTUALENV	app	local	stg	0
CREATE_VIRTUALENV	app	local	prd	0
CREATE_VIRTUALENV	app	ci	devops	0
CREATE_VIRTUALENV	app	ci	sbx	0
CREATE_VIRTUALENV	app	ci	tst	0
CREATE_VIRTUALENV	app	ci	stg	0
CREATE_VIRTUALENV	app	ci	prd	0
CREATE_VIRTUALENV	release	local	devops	0
CREATE_VIRTUALENV	release	local	sbx	0
CREATE_VIRTUALENV	release	local	tst	0
CREATE_VIRTUALENV	release	local	stg	0
CREATE_VIRTUALENV	release	local	prd	0
CREATE_VIRTUALENV	release	ci	devops	0
CREATE_VIRTUALENV	release	ci	sbx	0
CREATE_VIRTUALENV	release	ci	tst	0
CREATE_VIRTUALENV	release	ci	stg	0
CREATE_VIRTUALENV	release	ci	prd	0
CREATE_VIRTUALENV	cleanup	local	devops	0
CREATE_VIRTUALENV	cleanup	local	sbx	0
CREATE_VIRTUALENV	cleanup	local	tst	0
CREATE_VIRTUALENV	cleanup	local	stg	0
CREATE_VIRTUALENV	cleanup	local	prd	0
CREATE_VIRTUALENV	cleanup	ci	devops	0
CREATE_VIRTUALENV	cleanup	ci	sbx	0
CREATE_VIRTUALENV	cleanup	ci	tst	0
CREATE_VIRTUALENV	cleanup	ci	stg	0
CREATE_VIRTUALENV	cleanup	ci	prd	0
INSTALL_DEPENDENCIES	main	local	devops	0
INSTALL_DEPENDENCIES	main	local	sbx	0
INSTALL_DEPENDENCIES	main	local	tst	0
INSTALL_DEPENDENCIES	main	local	stg	0
INSTALL_DEPENDENCIES	main	local	prd	0
INSTALL_DEPENDENCIES	main	ci	devops	0
INSTALL_DEPENDENCIES	main	ci	sbx	0
INSTALL_DEPENDENCIES	main	ci	tst	0
INSTALL_DEPENDENCIES	main	ci	stg	0
INSTALL_DEPENDENCIES	main	ci	prd	0
INSTALL_DEPENDENCIES	feature	local	devops	0
INSTALL_DEPENDENCIES	feature	local	sbx	0
INSTALL_DEPENDENCIES	feature	local	tst	0
INSTALL_DEPENDENCIES	feature	local	stg	0
INSTALL_DEPENDENCIES	feature	local	prd	0
INSTALL_DEPENDENCIES	feature	ci	devops	0
INSTALL_DEPENDENCIES	feature	ci	sbx	0
INSTALL_DEPENDENCIES	feature	ci	tst	0
INSTALL_DEPENDENCIES	feature	ci	stg	0
INSTALL_DEPENDENCIES	feature	ci	prd	0
INSTALL_DEPENDENCIES	fix	local	devops	0
INSTALL_DEPENDENCIES	fix	local	sbx	0
INSTALL_DEPENDENCIES	fix	local	tst	0
INSTALL_DEPENDENCIES	fix	local	stg	0
INSTALL_DEPENDENCIES	fix	local	prd	0
INSTALL_DEPENDENCIES	fix	ci	devops	0
INSTALL_DEPENDENCIES	fix	ci	sbx	0
INSTALL_DEPENDENCIES	fix	ci	tst	0
INSTALL_DEPENDENCIES	fix	ci	stg	0
INSTALL_DEPENDENCIES	fix	ci	prd	0
INSTALL_DEPENDENCIES	doc	local	devops	0
INSTALL_DEPENDENCIES	doc	local	sbx	0
INSTALL_DEPENDENCIES	doc	local	tst	0
INSTALL_DEPENDENCIES	doc	local	stg	0
INSTALL_DEPENDENCIES	doc	local	prd	0
INSTALL_DEPENDENCIES	doc	ci	devops	0
INSTALL_DEPENDENCIES	doc	ci	sbx	0
INSTALL_DEPENDENCIES	doc	ci	tst	0
INSTALL_DEPENDENCIES	doc	ci	stg	0
INSTALL_DEPENDENCIES	doc	ci	prd	0
INSTALL_DEPENDENCIES	layer	local	devops	0
INSTALL_DEPENDENCIES	layer	local	sbx	0
INSTALL_DEPENDENCIES	layer	local	tst	0
INSTALL_DEPENDENCIES	layer	local	stg	0
INSTALL_DEPENDENCIES	layer	local	prd	0
INSTALL_DEPENDENCIES	layer	ci	devops	0
INSTALL_DEPENDENCIES	layer	ci	sbx	0
INSTALL_DEPENDENCIES	layer	ci	tst	0
INSTALL_DEPENDENCIES	layer	ci	stg	0
INSTALL_DEPENDENCIES	layer	ci	prd	0
INSTALL_DEPENDENCIES	app	local	devops	0
INSTALL_DEPENDENCIES	app	local	sbx	0
INSTALL_DEPENDENCIES	app	local	tst	0
INSTALL_DEPENDENCIES	app	local	stg	0
INSTALL_DEPENDENCIES	app	local	prd	0
INSTALL_DEPENDENCIES	app	ci	devops	0
INSTALL_DEPENDENCIES	app	ci	sbx	0
INSTALL_DEPENDENCIES	app	ci	tst	0
INSTALL_DEPENDENCIES	app	ci	stg	0
INSTALL_DEPENDENCIES	app	ci	prd	0
INSTALL_DEPENDENCIES	release	local	devops	0
INSTALL_DEPENDENCIES	release	local	sbx	0
INSTALL_DEPENDENCIES	release	local	tst	0
INSTALL_DEPENDENCIES	release	local	stg	0
INSTALL_DEPENDENCIES	release	local	prd	0
INSTALL_DEPENDENCIES	release	ci	devops	0
INSTALL_DEPENDENCIES	release	ci	sbx	0
INSTALL_DEPENDENCIES	release	ci	tst	0
INSTALL_DEPENDENCIES	release	ci	stg	0
INSTALL_DEPENDENCIES	release	ci	prd	0
INSTALL_DEPENDENCIES	cleanup	local	devops	0
INSTALL_DEPENDENCIES	cleanup	local	sbx	0
INSTALL_DEPENDENCIES	cleanup	local	tst	0
INSTALL_DEPENDENCIES	cleanup	local	stg	0
INSTALL_DEPENDENCIES	cleanup	local	prd	0
INSTALL_DEPENDENCIES	cleanup	ci	devops	0
INSTALL_DEPENDENCIES	cleanup	ci	sbx	0
INSTALL_DEPENDENCIES	cleanup	ci	tst	0
INSTALL_DEPENDENCIES	cleanup	ci	stg	0
INSTALL_DEPENDENCIES	cleanup	ci	prd	0
DEPLOY_CONFIG	main	local	devops	0
DEPLOY_CONFIG	main	local	sbx	0
DEPLOY_CONFIG	main	local	tst	0
DEPLOY_CONFIG	main	local	stg	0
DEPLOY_CONFIG	main	local	prd	0
DEPLOY_CONFIG	main	ci	devops	0
DEPLOY_CONFIG	main	ci	sbx	0
DEPLOY_CONFIG	main	ci	tst	0
DEPLOY_CONFIG	main	ci	stg	0
DEPLOY_CONFIG	main	ci	prd	0
DEPLOY_CONFIG	feature	local	devops	0
DEPLOY_CONFIG	feature	local	sbx	0
DEPLOY_CONFIG	feature	local	tst	0
DEPLOY_CONFIG	feature	local	stg	0
DEPLOY_CONFIG	feature	local	prd	0
DEPLOY_CONFIG	feature	ci	devops	0
DEPLOY_CONFIG	feature	ci	sbx	0
DEPLOY_CONFIG	feature	ci	tst	0
DEPLOY_CONFIG	feature	ci	stg	0
DEPLOY_CONFIG	feature	ci	prd	0
DEPLOY_CONFIG	fix	local	devops	0
DEPLOY_CONFIG	fix	local	sbx	0
DEPLOY_CONFIG	fix	local	tst	0
DEPLOY_CONFIG	fix	local	stg	0
DEPLOY_CONFIG	fix	local	prd	0
DEPLOY_CONFIG	fix	ci	devops	0
DEPLOY_CONFIG	fix	ci	sbx	0
DEPLOY_CONFIG	fix	ci	tst	0
DEPLOY_CONFIG	fix	ci	stg	0
DEPLOY_CONFIG	fix	ci	prd	0
DEPLOY_CONFIG	doc	local	devops	0
DEPLOY_CONFIG	doc	local	sbx	0
DEPLOY_CONFIG	doc	local	tst	0
DEPLOY_CONFIG	doc	local	stg	0
DEPLOY_CONFIG	doc	local	prd	0
DEPLOY_CONFIG	doc	ci	devops	0
DEPLOY_CONFIG	doc	ci	sbx	0
DEPLOY_CONFIG	doc	ci	tst	0
DEPLOY_CONFIG	doc	ci	stg	0
DEPLOY_CONFIG	doc	ci	prd	0
DEPLOY_CONFIG	layer	local	devops	0
DEPLOY_CONFIG	layer	local	sbx	0
DEPLOY_CONFIG	layer	local	tst	0
DEPLOY_CONFIG	layer	local	stg	0
DEPLOY_CONFIG	layer	local	prd	0
DEPLOY_CONFIG	layer	ci	devops	0
DEPLOY_CONFIG	layer	ci	sbx	0
DEPLOY_CONFIG	layer	ci	tst	0
DEPLOY_CONFIG	layer	ci	stg	0
DEPLOY_CONFIG	layer	ci	prd	0
DEPLOY_CONFIG	app	local	devops	0
DEPLOY_CONFIG	app	local	sbx	0
DEPLOY_CONFIG	app	local	tst	0
DEPLOY_CONFIG	app	local	stg	0
DEPLOY_CONFIG	app	local	prd	0
DEPLOY_CONFIG	app	ci	devops	0
DEPLOY_CONFIG	app	ci	sbx	0
DEPLOY_CONFIG	app	ci	tst	0
DEPLOY_CONFIG	app	ci	stg	0
DEPLOY_CONFIG	app	ci	prd	0
DEPLOY_CONFIG	release	local	devops	0
DEPLOY_CONFIG	release	local	sbx	0
DEPLOY_CONFIG	release	local	tst	0
DEPLOY_CONFIG	release	local	stg	0
DEPLOY_CONFIG	release	local	prd	0
DEPLOY_CONFIG	release	ci	devops	0
DEPLOY_CONFIG	release	ci	sbx	0
DEPLOY_CONFIG	release	ci	tst	0
DEPLOY_CONFIG	release	ci	stg	0
DEPLOY_CONFIG	release	ci	prd	0
DEPLOY_CONFIG	cleanup	local	devops	0
DEPLOY_CONFIG	cleanup	local	sbx	0
DEPLOY_CONFIG	cleanup	local	tst	0
DEPLOY_CONFIG	cleanup	local	stg	0
DEPLOY_CONFIG	cleanup	local	prd	0
DEPLOY_CONFIG	cleanup	ci	devops	0
DEPLOY_CONFIG	cleanup	ci	sbx	0
DEPLOY_CONFIG	cleanup	ci	tst	0
DEPLOY_CONFIG	cleanup	ci	stg	0
DEPLOY_CONFIG	cleanup	ci	prd	0
BUILD_LAMBDA_SOURCE_LOCALLY	main	local	devops	0
BUILD_LAMBDA_SOURCE_LOCALLY	main	local	sbx	0
BUILD_LAMBDA_SOURCE_LOCALLY	main	local	tst	0
BUILD_LAMBDA_SOURCE_LOCALLY	main	local	stg	0
BUILD_LAMBDA_SOURCE_LOCALLY	main	local	prd	0
BUILD_LAMBDA_SOURCE_LOCALLY	main	ci	devops	0
BUILD_LAMBDA_SOURCE_LOCALLY	main	ci	sbx	0
BUILD_LAMBDA_SOURCE_LOCALLY	main	ci	tst	0
BUILD_LAMBDA_SOURCE_LOCALLY	main	ci	stg	0
BUILD_LAMBDA_SOURCE_LOCALLY	main	ci	prd	0
BUILD_LAMBDA_SOURCE_LOCALLY	feature	local	devops	0
BUILD_LAMBDA_SOURCE_LOCALLY	feature	local	sbx	0
BUILD_LAMBDA_SOURCE_LOCALLY	feature	local	tst	0
BUILD_LAMBDA_SOURCE_LOCALLY	feature	local	stg	0
BUILD_LAMBDA_SOURCE_LOCALLY	feature	local	prd	0
BUILD_LAMBDA_SOURCE_LOCALLY	feature	ci	devops	0
BUILD_LAMBDA_SOURCE_LOCALLY	feature	ci	sbx	0
BUILD_LAMBDA_SOURCE_LOCALLY	feature	ci	tst	0
BUILD_LAMBDA_SOURCE_LOCALLY	feature	ci	stg	0
BUILD_LAMBDA_SOURCE_LOCALLY	feature	ci	prd	0
BUILD_LAMBDA_SOURCE_LOCALLY	fix	local	devops	0
BUILD_LAMBDA_SOURCE_LOCALLY	fix	local	sbx	0
BUILD_LAMBDA_SOURCE_LOCALLY	fix	local	tst	0
BUILD_LAMBDA_SOURCE_LOCALLY	fix	local	stg	0
BUILD_LAMBDA_SOURCE_LOCALLY	fix	local	prd	0
BUILD_LAMBDA_SOURCE_LOCALLY	fix	ci	devops	0
BUILD_LAMBDA_SOURCE_LOCALLY	fix	ci	sbx	0
BUILD_LAMBDA_SOURCE_LOCALLY	fix	ci	tst	0
BUILD_LAMBDA_SOURCE_LOCALLY	fix	ci	stg	0
BUILD_LAMBDA_SOURCE_LOCALLY	fix	ci	prd	0
BUILD_LAMBDA_SOURCE_LOCALLY	doc	local	devops	0
BUILD_LAMBDA_SOURCE_LOCALLY	doc	local	sbx	0
BUILD_LAMBDA_SOURCE_LOCALLY	doc	local	tst	0
BUILD_LAMBDA_SOURCE_LOCALLY	doc	local	stg	0
BUILD_LAMBDA_SOURCE_LOCALLY	doc	local	prd	0
BUILD_LAMBDA_SOURCE_LOCALLY	doc	ci	devops	0
BUILD_LAMBDA_SOURCE_LOCALLY	doc	ci	sbx	0
BUILD_LAMBDA_SOURCE_LOCALLY	doc	ci	tst	0
BUILD_LAMBDA_SOURCE_LOCALLY	doc	ci	stg	0
BUILD_LAMBDA_SOURCE_LOCALLY	doc	ci	prd	0
BUILD_LAMBDA_SOURCE_LOCALLY	layer	local	devops	0
BUILD_LAMBDA_SOURCE_LOCALLY	layer	local	sbx	0
BUILD_LAMBDA_SOURCE_LOCALLY	layer	local	tst	0
BUILD_LAMBDA_SOURCE_LOCALLY	layer	local	stg	0
BUILD_LAMBDA_SOURCE_LOCALLY	layer	local	prd	0
BUILD_LAMBDA_SOURCE_LOCALLY	layer	ci	devops	0
BUILD_LAMBDA_SOURCE_LOCALLY	layer	ci	sbx	0
BUILD_LAMBDA_SOURCE_LOCALLY	layer	ci	tst	0
BUILD_LAMBDA_SOURCE_LOCALLY	layer	ci	stg	0
BUILD_LAMBDA_SOURCE_LOCALLY	layer	ci	prd	0
BUILD_LAMBDA_SOURCE_LOCALLY	app	local	devops	0
BUILD_LAMBDA_SOURCE_LOCALLY	app	local	sbx	0
BUILD_LAMBDA_SOURCE_LOCALLY	app	local	tst	0
BUILD_LAMBDA_SOURCE_LOCALLY	app	local	stg	0
BUILD_LAMBDA_SOURCE_LOCALLY	app	local	prd	0
BUILD_LAMBDA_SOURCE_LOCALLY	app	ci	devops	0
BUILD_LAMBDA_SOURCE_LOCALLY	app	ci	sbx	0
BUILD_LAMBDA_SOURCE_LOCALLY	app	ci	tst	0
BUILD_LAMBDA_SOURCE_LOCALLY	app	ci	stg	0
BUILD_LAMBDA_SOURCE_LOCALLY	app	ci	prd	0
BUILD_LAMBDA_SOURCE_LOCALLY	release	local	devops	0
BUILD_LAMBDA_SOURCE_LOCALLY	release	local	sbx	0
BUILD_LAMBDA_SOURCE_LOCALLY	release	local	tst	0
BUILD_LAMBDA_SOURCE_LOCALLY	release	local	stg	0
BUILD_LAMBDA_SOURCE_LOCALLY	release	local	prd	0
BUILD_LAMBDA_SOURCE_LOCALLY	release	ci	devops	0
BUILD_LAMBDA_SOURCE_LOCALLY	release	ci	sbx	0
BUILD_LAMBDA_SOURCE_LOCALLY	release	ci	tst	0
BUILD_LAMBDA_SOURCE_LOCALLY	release	ci	stg	0
BUILD_LAMBDA_SOURCE_LOCALLY	release	ci	prd	0
BUILD_LAMBDA_SOURCE_LOCALLY	cleanup	local	devops	0
BUILD_LAMBDA_SOURCE_LOCALLY	cleanup	local	sbx	0
BUILD_LAMBDA_SOURCE_LOCALLY	cleanup	local	tst	0
BUILD_LAMBDA_SOURCE_LOCALLY	cleanup	local	stg	0
BUILD_LAMBDA_SOURCE_LOCALLY	cleanup	local	prd	0
BUILD_LAMBDA_SOURCE_LOCALLY	cleanup	ci	devops	0
BUILD_LAMBDA_SOURCE_LOCALLY	cleanup	ci	sbx	0
BUILD_LAMBDA_SOURCE_LOCALLY	cleanup	ci	tst	0
BUILD_LAMBDA_SOURCE_LOCALLY	cleanup	ci	stg	0
BUILD_LAMBDA_SOURCE_LOCALLY	cleanup	ci	prd	0
RUN_CODE_COVERAGE_TEST	main	local	devops	0
RUN_CODE_COVERAGE_TEST	main	local	sbx	0
RUN_CODE_COVERAGE_TEST	main	local	tst	0
RUN_CODE_COVERAGE_TEST	main	local	stg	0
RUN_CODE_COVERAGE_TEST	main	local	prd	0
RUN_CODE_COVERAGE_TEST	main	ci	devops	0
RUN_CODE_COVERAGE_TEST	main	ci	sbx	0
RUN_CODE_COVERAGE_TEST	main	ci	tst	0
RUN_CODE_COVERAGE_TEST	main	ci	stg	0
RUN_CODE_COVERAGE_TEST	main	ci	prd	0
RUN_CODE_COVERAGE_TEST	feature	local	devops	0
RUN_CODE_COVERAGE_TEST	feature	local	sbx	0
RUN_CODE_COVERAGE_TEST	feature	local	tst	0
RUN_CODE_COVERAGE_TEST	feature	local	stg	0
RUN_CODE_COVERAGE_TEST	feature	local	prd	0
RUN_CODE_COVERAGE_TEST	feature	ci	devops	0
RUN_CODE_COVERAGE_TEST	feature	ci	sbx	0
RUN_CODE_COVERAGE_TEST	feature	ci	tst	0
RUN_CODE_COVERAGE_TEST	feature	ci	stg	0
RUN_CODE_COVERAGE_TEST	feature	ci	prd	0
RUN_CODE_COVERAGE_TEST	fix	local	devops	0
RUN_CODE_COVERAGE_TEST	fix	local	sbx	0
RUN_CODE_COVERAGE_TEST	fix	local	tst	0
RUN_CODE_COVERAGE_TEST	fix	local	stg	0
RUN_CODE_COVERAGE_TEST	fix	local	prd	0
RUN_CODE_COVERAGE_TEST	fix	ci	devops	0
RUN_CODE_COVERAGE_TEST	fix	ci	sbx	0
RUN_CODE_COVERAGE_TEST	fix	ci	tst	0
RUN_CODE_COVERAGE_TEST	fix	ci	stg	0
RUN_CODE_COVERAGE_TEST	fix	ci	prd	0
RUN_CODE_COVERAGE_TEST	doc	local	devops	0
RUN_CODE_COVERAGE_TEST	doc	local	sbx	0
RUN_CODE_COVERAGE_TEST	doc	local	tst	0
RUN_CODE_COVERAGE_TEST	doc	local	stg	0
RUN_CODE_COVERAGE_TEST	doc	local	prd	0
RUN_CODE_COVERAGE_TEST	doc	ci	devops	0
RUN_CODE_COVERAGE_TEST	doc	ci	sbx	0
RUN_CODE_COVERAGE_TEST	doc	ci	tst	0
RUN_CODE_COVERAGE_TEST	doc	ci	stg	0
RUN_CODE_COVERAGE_TEST	doc	ci	prd	0
RUN_CODE_COVERAGE_TEST	layer	local	devops	0
RUN_CODE_COVERAGE_TEST	layer	local	sbx	0
RUN_CODE_COVERAGE_TEST	layer	local	tst	0
RUN_CODE_COVERAGE_TEST	layer	local	stg	0
RUN_CODE_COVERAGE_TEST	layer	local	prd	0
RUN_CODE_COVERAGE_TEST	layer	ci	devops	0
RUN_CODE_COVERAGE_TEST	layer	ci	sbx	0
RUN_CODE_COVERAGE_TEST	layer	ci	tst	0
RUN_CODE_COVERAGE_TEST	layer	ci	stg	0
RUN_CODE_COVERAGE_TEST	layer	ci	prd	0
RUN_CODE_COVERAGE_TEST	app	local	devops	0
RUN_CODE_COVERAGE_TEST	app	local	sbx	0
RUN_CODE_COVERAGE_TEST	app	local	tst	0
RUN_CODE_COVERAGE_TEST	app	local	stg	0
RUN_CODE_COVERAGE_TEST	app	local	prd	0
RUN_CODE_COVERAGE_TEST	app	ci	devops	0
RUN_CODE_COVERAGE_TEST	app	ci	sbx	0
RUN_CODE_COVERAGE_TEST	app	ci	tst	0
RUN_CODE_COVERAGE_TEST	app	ci	stg	0
RUN_CODE_COVERAGE_TEST	app	ci	prd	0
RUN_CODE_COVERAGE_TEST	release	local	devops	0
RUN_CODE_COVERAGE_TEST	release	local	sbx	0
RUN_CODE_COVERAGE_TEST	release	local	tst	0
RUN_CODE_COVERAGE_TEST	release	local	stg	0
RUN_CODE_COVERAGE_TEST	release	local	prd	0
RUN_CODE_COVERAGE_TEST	release	ci	devops	0
RUN_CODE_COVERAGE_TEST	release	ci	sbx	0
RUN_CODE_COVERAGE_TEST	release	ci	tst	0
RUN_CODE_COVERAGE_TEST	release	ci	stg	0
RUN_CODE_COVERAGE_TEST	release	ci	prd	0
RUN_CODE_COVERAGE_TEST	cleanup	local	devops	0
RUN_CODE_COVERAGE_TEST	cleanup	local	sbx	0
RUN_CODE_COVERAGE_TEST	cleanup	local	tst	0
RUN_CODE_COVERAGE_TEST	cleanup	local	stg	0
RUN_CODE_COVERAGE_TEST	cleanup	local	prd	0
RUN_CODE_COVERAGE_TEST	cleanup	ci	devops	0
RUN_CODE_COVERAGE_TEST	cleanup	ci	sbx	0
RUN_CODE_COVERAGE_TEST	cleanup	ci	tst	0
RUN_CODE_COVERAGE_TEST	cleanup	ci	stg	0
RUN_CODE_COVERAGE_TEST	cleanup	ci	prd	0
BUILD_DOCUMENTATION	main	local	devops	0
BUILD_DOCUMENTATION	main	local	sbx	0
BUILD_DOCUMENTATION	main	local	tst	0
BUILD_DOCUMENTATION	main	local	stg	0
BUILD_DOCUMENTATION	main	local	prd	0
BUILD_DOCUMENTATION	main	ci	devops	0
BUILD_DOCUMENTATION	main	ci	sbx	0
BUILD_DOCUMENTATION	main	ci	tst	0
BUILD_DOCUMENTATION	main	ci	stg	0
BUILD_DOCUMENTATION	main	ci	prd	0
BUILD_DOCUMENTATION	feature	local	devops	0
BUILD_DOCUMENTATION	feature	local	sbx	0
BUILD_DOCUMENTATION	feature	local	tst	0
BUILD_DOCUMENTATION	feature	local	stg	0
BUILD_DOCUMENTATION	feature	local	prd	0
BUILD_DOCUMENTATION	feature	ci	devops	0
BUILD_DOCUMENTATION	feature	ci	sbx	0
BUILD_DOCUMENTATION	feature	ci	tst	0
BUILD_DOCUMENTATION	feature	ci	stg	0
BUILD_DOCUMENTATION	feature	ci	prd	0
BUILD_DOCUMENTATION	fix	local	devops	0
BUILD_DOCUMENTATION	fix	local	sbx	0
BUILD_DOCUMENTATION	fix	local	tst	0
BUILD_DOCUMENTATION	fix	local	stg	0
BUILD_DOCUMENTATION	fix	local	prd	0
BUILD_DOCUMENTATION	fix	ci	devops	0
BUILD_DOCUMENTATION	fix	ci	sbx	0
BUILD_DOCUMENTATION	fix	ci	tst	0
BUILD_DOCUMENTATION	fix	ci	stg	0
BUILD_DOCUMENTATION	fix	ci	prd	0
BUILD_DOCUMENTATION	doc	local	devops	0
BUILD_DOCUMENTATION	doc	local	sbx	0
BUILD_DOCUMENTATION	doc	local	tst	0
BUILD_DOCUMENTATION	doc	local	stg	0
BUILD_DOCUMENTATION	doc	local	prd	0
BUILD_DOCUMENTATION	doc	ci	devops	0
BUILD_DOCUMENTATION	doc	ci	sbx	0
BUILD_DOCUMENTATION	doc	ci	tst	0
BUILD_DOCUMENTATION	doc	ci	stg	0
BUILD_DOCUMENTATION	doc	ci	prd	0
BUILD_DOCUMENTATION	layer	local	devops	0
BUILD_DOCUMENTATION	layer	local	sbx	0
BUILD_DOCUMENTATION	layer	local	tst	0
BUILD_DOCUMENTATION	layer	local	stg	0
BUILD_DOCUMENTATION	layer	local	prd	0
BUILD_DOCUMENTATION	layer	ci	devops	0
BUILD_DOCUMENTATION	layer	ci	sbx	0
BUILD_DOCUMENTATION	layer	ci	tst	0
BUILD_DOCUMENTATION	layer	ci	stg	0
BUILD_DOCUMENTATION	layer	ci	prd	0
BUILD_DOCUMENTATION	app	local	devops	0
BUILD_DOCUMENTATION	app	local	sbx	0
BUILD_DOCUMENTATION	app	local	tst	0
BUILD_DOCUMENTATION	app	local	stg	0
BUILD_DOCUMENTATION	app	local	prd	0
BUILD_DOCUMENTATION	app	ci	devops	0
BUILD_DOCUMENTATION	app	ci	sbx	0
BUILD_DOCUMENTATION	app	ci	tst	0
BUILD_DOCUMENTATION	app	ci	stg	0
BUILD_DOCUMENTATION	app	ci	prd	0
BUILD_DOCUMENTATION	release	local	devops	0
BUILD_DOCUMENTATION	release	local	sbx	0
BUILD_DOCUMENTATION	release	local	tst	0
BUILD_DOCUMENTATION	release	local	stg	0
BUILD_DOCUMENTATION	release	local	prd	0
BUILD_DOCUMENTATION	release	ci	devops	0
BUILD_DOCUMENTATION	release	ci	sbx	0
BUILD_DOCUMENTATION	release	ci	tst	0
BUILD_DOCUMENTATION	release	ci	stg	0
BUILD_DOCUMENTATION	release	ci	prd	0
BUILD_DOCUMENTATION	cleanup	local	devops	0
BUILD_DOCUMENTATION	cleanup	local	sbx	0
BUILD_DOCUMENTATION	cleanup	local	tst	0
BUILD_DOCUMENTATION	cleanup	local	stg	0
BUILD_DOCUMENTATION	cleanup	local	prd	0
BUILD_DOCUMENTATION	cleanup	ci	devops	0
BUILD_DOCUMENTATION	cleanup	ci	sbx	0
BUILD_DOCUMENTATION	cleanup	ci	tst	0
BUILD_DOCUMENTATION	cleanup	ci	stg	0
BUILD_DOCUMENTATION	cleanup	ci	prd	0
UPDATE_DOCUMENTATION	main	local	devops	0
UPDATE_DOCUMENTATION	main	local	sbx	0
UPDATE_DOCUMENTATION	main	local	tst	0
UPDATE_DOCUMENTATION	main	local	stg	0
UPDATE_DOCUMENTATION	main	local	prd	0
UPDATE_DOCUMENTATION	main	ci	devops	0
UPDATE_DOCUMENTATION	main	ci	sbx	0
UPDATE_DOCUMENTATION	main	ci	tst	0
UPDATE_DOCUMENTATION	main	ci	stg	0
UPDATE_DOCUMENTATION	main	ci	prd	0
UPDATE_DOCUMENTATION	feature	local	devops	0
UPDATE_DOCUMENTATION	feature	local	sbx	0
UPDATE_DOCUMENTATION	feature	local	tst	0
UPDATE_DOCUMENTATION	feature	local	stg	0
UPDATE_DOCUMENTATION	feature	local	prd	0
UPDATE_DOCUMENTATION	feature	ci	devops	0
UPDATE_DOCUMENTATION	feature	ci	sbx	0
UPDATE_DOCUMENTATION	feature	ci	tst	0
UPDATE_DOCUMENTATION	feature	ci	stg	0
UPDATE_DOCUMENTATION	feature	ci	prd	0
UPDATE_DOCUMENTATION	fix	local	devops	0
UPDATE_DOCUMENTATION	fix	local	sbx	0
UPDATE_DOCUMENTATION	fix	local	tst	0
UPDATE_DOCUMENTATION	fix	local	stg	0
UPDATE_DOCUMENTATION	fix	local	prd	0
UPDATE_DOCUMENTATION	fix	ci	devops	0
UPDATE_DOCUMENTATION	fix	ci	sbx	0
UPDATE_DOCUMENTATION	fix	ci	tst	0
UPDATE_DOCUMENTATION	fix	ci	stg	0
UPDATE_DOCUMENTATION	fix	ci	prd	0
UPDATE_DOCUMENTATION	doc	local	devops	0
UPDATE_DOCUMENTATION	doc	local	sbx	0
UPDATE_DOCUMENTATION	doc	local	tst	0
UPDATE_DOCUMENTATION	doc	local	stg	0
UPDATE_DOCUMENTATION	doc	local	prd	0
UPDATE_DOCUMENTATION	doc	ci	devops	0
UPDATE_DOCUMENTATION	doc	ci	sbx	0
UPDATE_DOCUMENTATION	doc	ci	tst	0
UPDATE_DOCUMENTATION	doc	ci	stg	0
UPDATE_DOCUMENTATION	doc	ci	prd	0
UPDATE_DOCUMENTATION	layer	local	devops	0
UPDATE_DOCUMENTATION	layer	local	sbx	0
UPDATE_DOCUMENTATION	layer	local	tst	0
UPDATE_DOCUMENTATION	layer	local	stg	0
UPDATE_DOCUMENTATION	layer	local	prd	0
UPDATE_DOCUMENTATION	layer	ci	devops	0
UPDATE_DOCUMENTATION	layer	ci	sbx	0
UPDATE_DOCUMENTATION	layer	ci	tst	0
UPDATE_DOCUMENTATION	layer	ci	stg	0
UPDATE_DOCUMENTATION	layer	ci	prd	0
UPDATE_DOCUMENTATION	app	local	devops	0
UPDATE_DOCUMENTATION	app	local	sbx	0
UPDATE_DOCUMENTATION	app	local	tst	0
UPDATE_DOCUMENTATION	app	local	stg	0
UPDATE_DOCUMENTATION	app	local	prd	0
UPDATE_DOCUMENTATION	app	ci	devops	0
UPDATE_DOCUMENTATION	app	ci	sbx	0
UPDATE_DOCUMENTATION	app	ci	tst	0
UPDATE_DOCUMENTATION	app	ci	stg	0
UPDATE_DOCUMENTATION	app	ci	prd	0
UPDATE_DOCUMENTATION	release	local	devops	0
UPDATE_DOCUMENTATION	release	local	sbx	0
UPDATE_DOCUMENTATION	release	local	tst	0
UPDATE_DOCUMENTATION	release	local	stg	0
UPDATE_DOCUMENTATION	release	local	prd	0
UPDATE_DOCUMENTATION	release	ci	devops	0
UPDATE_DOCUMENTATION	release	ci	sbx	0
UPDATE_DOCUMENTATION	release	ci	tst	0
UPDATE_DOCUMENTATION	release	ci	stg	0
UPDATE_DOCUMENTATION	release	ci	prd	0
UPDATE_DOCUMENTATION	cleanup	local	devops	0
UPDATE_DOCUMENTATION	cleanup	local	sbx	0
UPDATE_DOCUMENTATION	cleanup	local	tst	0
UPDATE_DOCUMENTATION	cleanup	local	stg	0
UPDATE_DOCUMENTATION	cleanup	local	prd	0
UPDATE_DOCUMENTATION	cleanup	ci	devops	0
UPDATE_DOCUMENTATION	cleanup	ci	sbx	0
UPDATE_DOCUMENTATION	cleanup	ci	tst	0
UPDATE_DOCUMENTATION	cleanup	ci	stg	0
UPDATE_DOCUMENTATION	cleanup	ci	prd	0
PUBLISH_LAMBDA_LAYER	main	local	devops	0
PUBLISH_LAMBDA_LAYER	main	local	sbx	0
PUBLISH_LAMBDA_LAYER	main	local	tst	0
PUBLISH_LAMBDA_LAYER	main	local	stg	0
PUBLISH_LAMBDA_LAYER	main	local	prd	0
PUBLISH_LAMBDA_LAYER	main	ci	devops	0
PUBLISH_LAMBDA_LAYER	main	ci	sbx	0
PUBLISH_LAMBDA_LAYER	main	ci	tst	0
PUBLISH_LAMBDA_LAYER	main	ci	stg	0
PUBLISH_LAMBDA_LAYER	main	ci	prd	0
PUBLISH_LAMBDA_LAYER	feature	local	devops	0
PUBLISH_LAMBDA_LAYER	feature	local	sbx	0
PUBLISH_LAMBDA_LAYER	feature	local	tst	0
PUBLISH_LAMBDA_LAYER	feature	local	stg	0
PUBLISH_LAMBDA_LAYER	feature	local	prd	0
PUBLISH_LAMBDA_LAYER	feature	ci	devops	0
PUBLISH_LAMBDA_LAYER	feature	ci	sbx	0
PUBLISH_LAMBDA_LAYER	feature	ci	tst	0
PUBLISH_LAMBDA_LAYER	feature	ci	stg	0
PUBLISH_LAMBDA_LAYER	feature	ci	prd	0
PUBLISH_LAMBDA_LAYER	fix	local	devops	0
PUBLISH_LAMBDA_LAYER	fix	local	sbx	0
PUBLISH_LAMBDA_LAYER	fix	local	tst	0
PUBLISH_LAMBDA_LAYER	fix	local	stg	0
PUBLISH_LAMBDA_LAYER	fix	local	prd	0
PUBLISH_LAMBDA_LAYER	fix	ci	devops	0
PUBLISH_LAMBDA_LAYER	fix	ci	sbx	0
PUBLISH_LAMBDA_LAYER	fix	ci	tst	0
PUBLISH_LAMBDA_LAYER	fix	ci	stg	0
PUBLISH_LAMBDA_LAYER	fix	ci	prd	0
PUBLISH_LAMBDA_LAYER	doc	local	devops	0
PUBLISH_LAMBDA_LAYER	doc	local	sbx	0
PUBLISH_LAMBDA_LAYER	doc	local	tst	0
PUBLISH_LAMBDA_LAYER	doc	local	stg	0
PUBLISH_LAMBDA_LAYER	doc	local	prd	0
PUBLISH_LAMBDA_LAYER	doc	ci	devops	0
PUBLISH_LAMBDA_LAYER	doc	ci	sbx	0
PUBLISH_LAMBDA_LAYER	doc	ci	tst	0
PUBLISH_LAMBDA_LAYER	doc	ci	stg	0
PUBLISH_LAMBDA_LAYER	doc	ci	prd	0
PUBLISH_LAMBDA_LAYER	layer	local	devops	0
PUBLISH_LAMBDA_LAYER	layer	local	sbx	0
PUBLISH_LAMBDA_LAYER	layer	local	tst	0
PUBLISH_LAMBDA_LAYER	layer	local	stg	0
PUBLISH_LAMBDA_LAYER	layer	local	prd	0
PUBLISH_LAMBDA_LAYER	layer	ci	devops	0
PUBLISH_LAMBDA_LAYER	layer	ci	sbx	0
PUBLISH_LAMBDA_LAYER	layer	ci	tst	0
PUBLISH_LAMBDA_LAYER	layer	ci	stg	0
PUBLISH_LAMBDA_LAYER	layer	ci	prd	0
PUBLISH_LAMBDA_LAYER	app	local	devops	0
PUBLISH_LAMBDA_LAYER	app	local	sbx	0
PUBLISH_LAMBDA_LAYER	app	local	tst	0
PUBLISH_LAMBDA_LAYER	app	local	stg	0
PUBLISH_LAMBDA_LAYER	app	local	prd	0
PUBLISH_LAMBDA_LAYER	app	ci	devops	0
PUBLISH_LAMBDA_LAYER	app	ci	sbx	0
PUBLISH_LAMBDA_LAYER	app	ci	tst	0
PUBLISH_LAMBDA_LAYER	app	ci	stg	0
PUBLISH_LAMBDA_LAYER	app	ci	prd	0
PUBLISH_LAMBDA_LAYER	release	local	devops	0
PUBLISH_LAMBDA_LAYER	release	local	sbx	0
PUBLISH_LAMBDA_LAYER	release	local	tst	0
PUBLISH_LAMBDA_LAYER	release	local	stg	0
PUBLISH_LAMBDA_LAYER	release	local	prd	0
PUBLISH_LAMBDA_LAYER	release	ci	devops	0
PUBLISH_LAMBDA_LAYER	release	ci	sbx	0
PUBLISH_LAMBDA_LAYER	release	ci	tst	0
PUBLISH_LAMBDA_LAYER	release	ci	stg	0
PUBLISH_LAMBDA_LAYER	release	ci	prd	0
PUBLISH_LAMBDA_LAYER	cleanup	local	devops	0
PUBLISH_LAMBDA_LAYER	cleanup	local	sbx	0
PUBLISH_LAMBDA_LAYER	cleanup	local	tst	0
PUBLISH_LAMBDA_LAYER	cleanup	local	stg	0
PUBLISH_LAMBDA_LAYER	cleanup	local	prd	0
PUBLISH_LAMBDA_LAYER	cleanup	ci	devops	0
PUBLISH_LAMBDA_LAYER	cleanup	ci	sbx	0
PUBLISH_LAMBDA_LAYER	cleanup	ci	tst	0
PUBLISH_LAMBDA_LAYER	cleanup	ci	stg	0
PUBLISH_LAMBDA_LAYER	cleanup	ci	prd	0
DEPLOY_CDK_STACK	main	local	devops	0
DEPLOY_CDK_STACK	main	local	sbx	0
DEPLOY_CDK_STACK	main	local	tst	0
DEPLOY_CDK_STACK	main	local	stg	0
DEPLOY_CDK_STACK	main	local	prd	0
DEPLOY_CDK_STACK	main	ci	devops	0
DEPLOY_CDK_STACK	main	ci	sbx	0
DEPLOY_CDK_STACK	main	ci	tst	0
DEPLOY_CDK_STACK	main	ci	stg	0
DEPLOY_CDK_STACK	main	ci	prd	0
DEPLOY_CDK_STACK	feature	local	devops	0
DEPLOY_CDK_STACK	feature	local	sbx	0
DEPLOY_CDK_STACK	feature	local	tst	0
DEPLOY_CDK_STACK	feature	local	stg	0
DEPLOY_CDK_STACK	feature	local	prd	0
DEPLOY_CDK_STACK	feature	ci	devops	0
DEPLOY_CDK_STACK	feature	ci	sbx	0
DEPLOY_CDK_STACK	feature	ci	tst	0
DEPLOY_CDK_STACK	feature	ci	stg	0
DEPLOY_CDK_STACK	feature	ci	prd	0
DEPLOY_CDK_STACK	fix	local	devops	0
DEPLOY_CDK_STACK	fix	local	sbx	0
DEPLOY_CDK_STACK	fix	local	tst	0
DEPLOY_CDK_STACK	fix	local	stg	0
DEPLOY_CDK_STACK	fix	local	prd	0
DEPLOY_CDK_STACK	fix	ci	devops	0
DEPLOY_CDK_STACK	fix	ci	sbx	0
DEPLOY_CDK_STACK	fix	ci	tst	0
DEPLOY_CDK_STACK	fix	ci	stg	0
DEPLOY_CDK_STACK	fix	ci	prd	0
DEPLOY_CDK_STACK	doc	local	devops	0
DEPLOY_CDK_STACK	doc	local	sbx	0
DEPLOY_CDK_STACK	doc	local	tst	0
DEPLOY_CDK_STACK	doc	local	stg	0
DEPLOY_CDK_STACK	doc	local	prd	0
DEPLOY_CDK_STACK	doc	ci	devops	0
DEPLOY_CDK_STACK	doc	ci	sbx	0
DEPLOY_CDK_STACK	doc	ci	tst	0
DEPLOY_CDK_STACK	doc	ci	stg	0
DEPLOY_CDK_STACK	doc	ci	prd	0
DEPLOY_CDK_STACK	layer	local	devops	0
DEPLOY_CDK_STACK	layer	local	sbx	0
DEPLOY_CDK_STACK	layer	local	tst	0
DEPLOY_CDK_STACK	layer	local	stg	0
DEPLOY_CDK_STACK	layer	local	prd	0
DEPLOY_CDK_STACK	layer	ci	devops	0
DEPLOY_CDK_STACK	layer	ci	sbx	0
DEPLOY_CDK_STACK	layer	ci	tst	0
DEPLOY_CDK_STACK	layer	ci	stg	0
DEPLOY_CDK_STACK	layer	ci	prd	0
DEPLOY_CDK_STACK	app	local	devops	0
DEPLOY_CDK_STACK	app	local	sbx	0
DEPLOY_CDK_STACK	app	local	tst	0
DEPLOY_CDK_STACK	app	local	stg	0
DEPLOY_CDK_STACK	app	local	prd	0
DEPLOY_CDK_STACK	app	ci	devops	0
DEPLOY_CDK_STACK	app	ci	sbx	0
DEPLOY_CDK_STACK	app	ci	tst	0
DEPLOY_CDK_STACK	app	ci	stg	0
DEPLOY_CDK_STACK	app	ci	prd	0
DEPLOY_CDK_STACK	release	local	devops	0
DEPLOY_CDK_STACK	release	local	sbx	0
DEPLOY_CDK_STACK	release	local	tst	0
DEPLOY_CDK_STACK	release	local	stg	0
DEPLOY_CDK_STACK	release	local	prd	0
DEPLOY_CDK_STACK	release	ci	devops	0
DEPLOY_CDK_STACK	release	ci	sbx	0
DEPLOY_CDK_STACK	release	ci	tst	0
DEPLOY_CDK_STACK	release	ci	stg	0
DEPLOY_CDK_STACK	release	ci	prd	0
DEPLOY_CDK_STACK	cleanup	local	devops	0
DEPLOY_CDK_STACK	cleanup	local	sbx	0
DEPLOY_CDK_STACK	cleanup	local	tst	0
DEPLOY_CDK_STACK	cleanup	local	stg	0
DEPLOY_CDK_STACK	cleanup	local	prd	0
DEPLOY_CDK_STACK	cleanup	ci	devops	0
DEPLOY_CDK_STACK	cleanup	ci	sbx	0
DEPLOY_CDK_STACK	cleanup	ci	tst	0
DEPLOY_CDK_STACK	cleanup	ci	stg	0
DEPLOY_CDK_STACK	cleanup	ci	prd	0
DEPLOY_CHALICE_APP	main	local	devops	0
DEPLOY_CHALICE_APP	main	local	sbx	0
DEPLOY_CHALICE_APP	main	local	tst	0
DEPLOY_CHALICE_APP	main	local	stg	0
DEPLOY_CHALICE_APP	main	local	prd	0
DEPLOY_CHALICE_APP	main	ci	devops	0
DEPLOY_CHALICE_APP	main	ci	sbx	0
DEPLOY_CHALICE_APP	main	ci	tst	0
DEPLOY_CHALICE_APP	main	ci	stg	0
DEPLOY_CHALICE_APP	main	ci	prd	0
DEPLOY_CHALICE_APP	feature	local	devops	0
DEPLOY_CHALICE_APP	feature	local	sbx	0
DEPLOY_CHALICE_APP	feature	local	tst	0
DEPLOY_CHALICE_APP	feature	local	stg	0
DEPLOY_CHALICE_APP	feature	local	prd	0
DEPLOY_CHALICE_APP	feature	ci	devops	0
DEPLOY_CHALICE_APP	feature	ci	sbx	0
DEPLOY_CHALICE_APP	feature	ci	tst	0
DEPLOY_CHALICE_APP	feature	ci	stg	0
DEPLOY_CHALICE_APP	feature	ci	prd	0
DEPLOY_CHALICE_APP	fix	local	devops	0
DEPLOY_CHALICE_APP	fix	local	sbx	0
DEPLOY_CHALICE_APP	fix	local	tst	0
DEPLOY_CHALICE_APP	fix	local	stg	0
DEPLOY_CHALICE_APP	fix	local	prd	0
DEPLOY_CHALICE_APP	fix	ci	devops	0
DEPLOY_CHALICE_APP	fix	ci	sbx	0
DEPLOY_CHALICE_APP	fix	ci	tst	0
DEPLOY_CHALICE_APP	fix	ci	stg	0
DEPLOY_CHALICE_APP	fix	ci	prd	0
DEPLOY_CHALICE_APP	doc	local	devops	0
DEPLOY_CHALICE_APP	doc	local	sbx	0
DEPLOY_CHALICE_APP	doc	local	tst	0
DEPLOY_CHALICE_APP	doc	local	stg	0
DEPLOY_CHALICE_APP	doc	local	prd	0
DEPLOY_CHALICE_APP	doc	ci	devops	0
DEPLOY_CHALICE_APP	doc	ci	sbx	0
DEPLOY_CHALICE_APP	doc	ci	tst	0
DEPLOY_CHALICE_APP	doc	ci	stg	0
DEPLOY_CHALICE_APP	doc	ci	prd	0
DEPLOY_CHALICE_APP	layer	local	devops	0
DEPLOY_CHALICE_APP	layer	local	sbx	0
DEPLOY_CHALICE_APP	layer	local	tst	0
DEPLOY_CHALICE_APP	layer	local	stg	0
DEPLOY_CHALICE_APP	layer	local	prd	0
DEPLOY_CHALICE_APP	layer	ci	devops	0
DEPLOY_CHALICE_APP	layer	ci	sbx	0
DEPLOY_CHALICE_APP	layer	ci	tst	0
DEPLOY_CHALICE_APP	layer	ci	stg	0
DEPLOY_CHALICE_APP	layer	ci	prd	0
DEPLOY_CHALICE_APP	app	local	devops	0
DEPLOY_CHALICE_APP	app	local	sbx	0
DEPLOY_CHALICE_APP	app	local	tst	0
DEPLOY_CHALICE_APP	app	local	stg	0
DEPLOY_CHALICE_APP	app	local	prd	0
DEPLOY_CHALICE_APP	app	ci	devops	0
DEPLOY_CHALICE_APP	app	ci	sbx	0
DEPLOY_CHALICE_APP	app	ci	tst	0
DEPLOY_CHALICE_APP	app	ci	stg	0
DEPLOY_CHALICE_APP	app	ci	prd	0
DEPLOY_CHALICE_APP	release	local	devops	0
DEPLOY_CHALICE_APP	release	local	sbx	0
DEPLOY_CHALICE_APP	release	local	tst	0
DEPLOY_CHALICE_APP	release	local	stg	0
DEPLOY_CHALICE_APP	release	local	prd	0
DEPLOY_CHALICE_APP	release	ci	devops	0
DEPLOY_CHALICE_APP	release	ci	sbx	0
DEPLOY_CHALICE_APP	release	ci	tst	0
DEPLOY_CHALICE_APP	release	ci	stg	0
DEPLOY_CHALICE_APP	release	ci	prd	0
DEPLOY_CHALICE_APP	cleanup	local	devops	0
DEPLOY_CHALICE_APP	cleanup	local	sbx	0
DEPLOY_CHALICE_APP	cleanup	local	tst	0
DEPLOY_CHALICE_APP	cleanup	local	stg	0
DEPLOY_CHALICE_APP	cleanup	local	prd	0
DEPLOY_CHALICE_APP	cleanup	ci	devops	0
DEPLOY_CHALICE_APP	cleanup	ci	sbx	0
DEPLOY_CHALICE_APP	cleanup	ci	tst	0
DEPLOY_CHALICE_APP	cleanup	ci	stg	0
DEPLOY_CHALICE_APP	cleanup	ci	prd	0
RUN_INTEGRATION_TEST	main	local	devops	0
RUN_INTEGRATION_TEST	main	local	sbx	0
RUN_INTEGRATION_TEST	main	local	tst	0
RUN_INTEGRATION_TEST	main	local	stg	0
RUN_INTEGRATION_TEST	main	local	prd	0
RUN_INTEGRATION_TEST	main	ci	devops	0
RUN_INTEGRATION_TEST	main	ci	sbx	0
RUN_INTEGRATION_TEST	main	ci	tst	0
RUN_INTEGRATION_TEST	main	ci	stg	0
RUN_INTEGRATION_TEST	main	ci	prd	0
RUN_INTEGRATION_TEST	feature	local	devops	0
RUN_INTEGRATION_TEST	feature	local	sbx	0
RUN_INTEGRATION_TEST	feature	local	tst	0
RUN_INTEGRATION_TEST	feature	local	stg	0
RUN_INTEGRATION_TEST	feature	local	prd	0
RUN_INTEGRATION_TEST	feature	ci	devops	0
RUN_INTEGRATION_TEST	feature	ci	sbx	0
RUN_INTEGRATION_TEST	feature	ci	tst	0
RUN_INTEGRATION_TEST	feature	ci	stg	0
RUN_INTEGRATION_TEST	feature	ci	prd	0
RUN_INTEGRATION_TEST	fix	local	devops	0
RUN_INTEGRATION_TEST	fix	local	sbx	0
RUN_INTEGRATION_TEST	fix	local	tst	0
RUN_INTEGRATION_TEST	fix	local	stg	0
RUN_INTEGRATION_TEST	fix	local	prd	0
RUN_INTEGRATION_TEST	fix	ci	devops	0
RUN_INTEGRATION_TEST	fix	ci	sbx	0
RUN_INTEGRATION_TEST	fix	ci	tst	0
RUN_INTEGRATION_TEST	fix	ci	stg	0
RUN_INTEGRATION_TEST	fix	ci	prd	0
RUN_INTEGRATION_TEST	doc	local	devops	0
RUN_INTEGRATION_TEST	doc	local	sbx	0
RUN_INTEGRATION_TEST	doc	local	tst	0
RUN_INTEGRATION_TEST	doc	local	stg	0
RUN_INTEGRATION_TEST	doc	local	prd	0
RUN_INTEGRATION_TEST	doc	ci	devops	0
RUN_INTEGRATION_TEST	doc	ci	sbx	0
RUN_INTEGRATION_TEST	doc	ci	tst	0
RUN_INTEGRATION_TEST	doc	ci	stg	0
RUN_INTEGRATION_TEST	doc	ci	prd	0
RUN_INTEGRATION_TEST	layer	local	devops	0
RUN_INTEGRATION_TEST	layer	local	sbx	0
RUN_INTEGRATION_TEST	layer	local	tst	0
RUN_INTEGRATION_TEST	layer	local	stg	0
RUN_INTEGRATION_TEST	layer	local	prd	0
RUN_INTEGRATION_TEST	layer	ci	devops	0
RUN_INTEGRATION_TEST	layer	ci	sbx	0
RUN_INTEGRATION_TEST	layer	ci	tst	0
RUN_INTEGRATION_TEST	layer	ci	stg	0
RUN_INTEGRATION_TEST	layer	ci	prd	0
RUN_INTEGRATION_TEST	app	local	devops	0
RUN_INTEGRATION_TEST	app	local	sbx	0
RUN_INTEGRATION_TEST	app	local	tst	0
RUN_INTEGRATION_TEST	app	local	stg	0
RUN_INTEGRATION_TEST	app	local	prd	0
RUN_INTEGRATION_TEST	app	ci	devops	0
RUN_INTEGRATION_TEST	app	ci	sbx	0
RUN_INTEGRATION_TEST	app	ci	tst	0
RUN_INTEGRATION_TEST	app	ci	stg	0
RUN_INTEGRATION_TEST	app	ci	prd	0
RUN_INTEGRATION_TEST	release	local	devops	0
RUN_INTEGRATION_TEST	release	local	sbx	0
RUN_INTEGRATION_TEST	release	local	tst	0
RUN_INTEGRATION_TEST	release	local	stg	0
RUN_INTEGRATION_TEST	release	local	prd	0
RUN_INTEGRATION_TEST	release	ci	devops	0
RUN_INTEGRATION_TEST	release	ci	sbx	0
RUN_INTEGRATION_TEST	release	ci	tst	0
RUN_INTEGRATION_TEST	release	ci	stg	0
RUN_INTEGRATION_TEST	release	ci	prd	0
RUN_INTEGRATION_TEST	cleanup	local	devops	0
RUN_INTEGRATION_TEST	cleanup	local	sbx	0
RUN_INTEGRATION_TEST	cleanup	local	tst	0
RUN_INTEGRATION_TEST	cleanup	local	stg	0
RUN_INTEGRATION_TEST	cleanup	local	prd	0
RUN_INTEGRATION_TEST	cleanup	ci	devops	0
RUN_INTEGRATION_TEST	cleanup	ci	sbx	0
RUN_INTEGRATION_TEST	cleanup	ci	tst	0
RUN_INTEGRATION_TEST	cleanup	ci	stg	0
RUN_INTEGRATION_TEST	cleanup	ci	prd	0
PUBLISH_NEW_LAMBDA_VERSION	main	local	devops	0
PUBLISH_NEW_LAMBDA_VERSION	main	local	sbx	0
PUBLISH_NEW_LAMBDA_VERSION	main	local	tst	0
PUBLISH_NEW_LAMBDA_VERSION	main	local	stg	0
PUBLISH_NEW_LAMBDA_VERSION	main	local	prd	0
PUBLISH_NEW_LAMBDA_VERSION	main	ci	devops	0
PUBLISH_NEW_LAMBDA_VERSION	main	ci	sbx	0
PUBLISH_NEW_LAMBDA_VERSION	main	ci	tst	0
PUBLISH_NEW_LAMBDA_VERSION	main	ci	stg	0
PUBLISH_NEW_LAMBDA_VERSION	main	ci	prd	0
PUBLISH_NEW_LAMBDA_VERSION	feature	local	devops	0
PUBLISH_NEW_LAMBDA_VERSION	feature	local	sbx	0
PUBLISH_NEW_LAMBDA_VERSION	feature	local	tst	0
PUBLISH_NEW_LAMBDA_VERSION	feature	local	stg	0
PUBLISH_NEW_LAMBDA_VERSION	feature	local	prd	0
PUBLISH_NEW_LAMBDA_VERSION	feature	ci	devops	0
PUBLISH_NEW_LAMBDA_VERSION	feature	ci	sbx	0
PUBLISH_NEW_LAMBDA_VERSION	feature	ci	tst	0
PUBLISH_NEW_LAMBDA_VERSION	feature	ci	stg	0
PUBLISH_NEW_LAMBDA_VERSION	feature	ci	prd	0
PUBLISH_NEW_LAMBDA_VERSION	fix	local	devops	0
PUBLISH_NEW_LAMBDA_VERSION	fix	local	sbx	0
PUBLISH_NEW_LAMBDA_VERSION	fix	local	tst	0
PUBLISH_NEW_LAMBDA_VERSION	fix	local	stg	0
PUBLISH_NEW_LAMBDA_VERSION	fix	local	prd	0
PUBLISH_NEW_LAMBDA_VERSION	fix	ci	devops	0
PUBLISH_NEW_LAMBDA_VERSION	fix	ci	sbx	0
PUBLISH_NEW_LAMBDA_VERSION	fix	ci	tst	0
PUBLISH_NEW_LAMBDA_VERSION	fix	ci	stg	0
PUBLISH_NEW_LAMBDA_VERSION	fix	ci	prd	0
PUBLISH_NEW_LAMBDA_VERSION	doc	local	devops	0
PUBLISH_NEW_LAMBDA_VERSION	doc	local	sbx	0
PUBLISH_NEW_LAMBDA_VERSION	doc	local	tst	0
PUBLISH_NEW_LAMBDA_VERSION	doc	local	stg	0
PUBLISH_NEW_LAMBDA_VERSION	doc	local	prd	0
PUBLISH_NEW_LAMBDA_VERSION	doc	ci	devops	0
PUBLISH_NEW_LAMBDA_VERSION	doc	ci	sbx	0
PUBLISH_NEW_LAMBDA_VERSION	doc	ci	tst	0
PUBLISH_NEW_LAMBDA_VERSION	doc	ci	stg	0
PUBLISH_NEW_LAMBDA_VERSION	doc	ci	prd	0
PUBLISH_NEW_LAMBDA_VERSION	layer	local	devops	0
PUBLISH_NEW_LAMBDA_VERSION	layer	local	sbx	0
PUBLISH_NEW_LAMBDA_VERSION	layer	local	tst	0
PUBLISH_NEW_LAMBDA_VERSION	layer	local	stg	0
PUBLISH_NEW_LAMBDA_VERSION	layer	local	prd	0
PUBLISH_NEW_LAMBDA_VERSION	layer	ci	devops	0
PUBLISH_NEW_LAMBDA_VERSION	layer	ci	sbx	0
PUBLISH_NEW_LAMBDA_VERSION	layer	ci	tst	0
PUBLISH_NEW_LAMBDA_VERSION	layer	ci	stg	0
PUBLISH_NEW_LAMBDA_VERSION	layer	ci	prd	0
PUBLISH_NEW_LAMBDA_VERSION	app	local	devops	0
PUBLISH_NEW_LAMBDA_VERSION	app	local	sbx	0
PUBLISH_NEW_LAMBDA_VERSION	app	local	tst	0
PUBLISH_NEW_LAMBDA_VERSION	app	local	stg	0
PUBLISH_NEW_LAMBDA_VERSION	app	local	prd	0
PUBLISH_NEW_LAMBDA_VERSION	app	ci	devops	0
PUBLISH_NEW_LAMBDA_VERSION	app	ci	sbx	0
PUBLISH_NEW_LAMBDA_VERSION	app	ci	tst	0
PUBLISH_NEW_LAMBDA_VERSION	app	ci	stg	0
PUBLISH_NEW_LAMBDA_VERSION	app	ci	prd	0
PUBLISH_NEW_LAMBDA_VERSION	release	local	devops	0
PUBLISH_NEW_LAMBDA_VERSION	release	local	sbx	0
PUBLISH_NEW_LAMBDA_VERSION	release	local	tst	0
PUBLISH_NEW_LAMBDA_VERSION	release	local	stg	0
PUBLISH_NEW_LAMBDA_VERSION	release	local	prd	0
PUBLISH_NEW_LAMBDA_VERSION	release	ci	devops	0
PUBLISH_NEW_LAMBDA_VERSION	release	ci	sbx	0
PUBLISH_NEW_LAMBDA_VERSION	release	ci	tst	0
PUBLISH_NEW_LAMBDA_VERSION	release	ci	stg	0
PUBLISH_NEW_LAMBDA_VERSION	release	ci	prd	0
PUBLISH_NEW_LAMBDA_VERSION	cleanup	local	devops	0
PUBLISH_NEW_LAMBDA_VERSION	cleanup	local	sbx	0
PUBLISH_NEW_LAMBDA_VERSION	cleanup	local	tst	0
PUBLISH_NEW_LAMBDA_VERSION	cleanup	local	stg	0
PUBLISH_NEW_LAMBDA_VERSION	cleanup	local	prd	0
PUBLISH_NEW_LAMBDA_VERSION	cleanup	ci	devops	0
PUBLISH_NEW_LAMBDA_VERSION	cleanup	ci	sbx	0
PUBLISH_NEW_LAMBDA_VERSION	cleanup	ci	tst	0
PUBLISH_NEW_LAMBDA_VERSION	cleanup	ci	stg	0
PUBLISH_NEW_LAMBDA_VERSION	cleanup	ci	prd	0
CREATE_ARTIFACT_SNAPSHOT	main	local	devops	0
CREATE_ARTIFACT_SNAPSHOT	main	local	sbx	0
CREATE_ARTIFACT_SNAPSHOT	main	local	tst	0
CREATE_ARTIFACT_SNAPSHOT	main	local	stg	0
CREATE_ARTIFACT_SNAPSHOT	main	local	prd	0
CREATE_ARTIFACT_SNAPSHOT	main	ci	devops	0
CREATE_ARTIFACT_SNAPSHOT	main	ci	sbx	0
CREATE_ARTIFACT_SNAPSHOT	main	ci	tst	0
CREATE_ARTIFACT_SNAPSHOT	main	ci	stg	0
CREATE_ARTIFACT_SNAPSHOT	main	ci	prd	0
CREATE_ARTIFACT_SNAPSHOT	feature	local	devops	0
CREATE_ARTIFACT_SNAPSHOT	feature	local	sbx	0
CREATE_ARTIFACT_SNAPSHOT	feature	local	tst	0
CREATE_ARTIFACT_SNAPSHOT	feature	local	stg	0
CREATE_ARTIFACT_SNAPSHOT	feature	local	prd	0
CREATE_ARTIFACT_SNAPSHOT	feature	ci	devops	0
CREATE_ARTIFACT_SNAPSHOT	feature	ci	sbx	0
CREATE_ARTIFACT_SNAPSHOT	feature	ci	tst	0
CREATE_ARTIFACT_SNAPSHOT	feature	ci	stg	0
CREATE_ARTIFACT_SNAPSHOT	feature	ci	prd	0
CREATE_ARTIFACT_SNAPSHOT	fix	local	devops	0
CREATE_ARTIFACT_SNAPSHOT	fix	local	sbx	0
CREATE_ARTIFACT_SNAPSHOT	fix	local	tst	0
CREATE_ARTIFACT_SNAPSHOT	fix	local	stg	0
CREATE_ARTIFACT_SNAPSHOT	fix	local	prd	0
CREATE_ARTIFACT_SNAPSHOT	fix	ci	devops	0
CREATE_ARTIFACT_SNAPSHOT	fix	ci	sbx	0
CREATE_ARTIFACT_SNAPSHOT	fix	ci	tst	0
CREATE_ARTIFACT_SNAPSHOT	fix	ci	stg	0
CREATE_ARTIFACT_SNAPSHOT	fix	ci	prd	0
CREATE_ARTIFACT_SNAPSHOT	doc	local	devops	0
CREATE_ARTIFACT_SNAPSHOT	doc	local	sbx	0
CREATE_ARTIFACT_SNAPSHOT	doc	local	tst	0
CREATE_ARTIFACT_SNAPSHOT	doc	local	stg	0
CREATE_ARTIFACT_SNAPSHOT	doc	local	prd	0
CREATE_ARTIFACT_SNAPSHOT	doc	ci	devops	0
CREATE_ARTIFACT_SNAPSHOT	doc	ci	sbx	0
CREATE_ARTIFACT_SNAPSHOT	doc	ci	tst	0
CREATE_ARTIFACT_SNAPSHOT	doc	ci	stg	0
CREATE_ARTIFACT_SNAPSHOT	doc	ci	prd	0
CREATE_ARTIFACT_SNAPSHOT	layer	local	devops	0
CREATE_ARTIFACT_SNAPSHOT	layer	local	sbx	0
CREATE_ARTIFACT_SNAPSHOT	layer	local	tst	0
CREATE_ARTIFACT_SNAPSHOT	layer	local	stg	0
CREATE_ARTIFACT_SNAPSHOT	layer	local	prd	0
CREATE_ARTIFACT_SNAPSHOT	layer	ci	devops	0
CREATE_ARTIFACT_SNAPSHOT	layer	ci	sbx	0
CREATE_ARTIFACT_SNAPSHOT	layer	ci	tst	0
CREATE_ARTIFACT_SNAPSHOT	layer	ci	stg	0
CREATE_ARTIFACT_SNAPSHOT	layer	ci	prd	0
CREATE_ARTIFACT_SNAPSHOT	app	local	devops	0
CREATE_ARTIFACT_SNAPSHOT	app	local	sbx	0
CREATE_ARTIFACT_SNAPSHOT	app	local	tst	0
CREATE_ARTIFACT_SNAPSHOT	app	local	stg	0
CREATE_ARTIFACT_SNAPSHOT	app	local	prd	0
CREATE_ARTIFACT_SNAPSHOT	app	ci	devops	0
CREATE_ARTIFACT_SNAPSHOT	app	ci	sbx	0
CREATE_ARTIFACT_SNAPSHOT	app	ci	tst	0
CREATE_ARTIFACT_SNAPSHOT	app	ci	stg	0
CREATE_ARTIFACT_SNAPSHOT	app	ci	prd	0
CREATE_ARTIFACT_SNAPSHOT	release	local	devops	0
CREATE_ARTIFACT_SNAPSHOT	release	local	sbx	0
CREATE_ARTIFACT_SNAPSHOT	release	local	tst	0
CREATE_ARTIFACT_SNAPSHOT	release	local	stg	0
CREATE_ARTIFACT_SNAPSHOT	release	local	prd	0
CREATE_ARTIFACT_SNAPSHOT	release	ci	devops	0
CREATE_ARTIFACT_SNAPSHOT	release	ci	sbx	0
CREATE_ARTIFACT_SNAPSHOT	release	ci	tst	0
CREATE_ARTIFACT_SNAPSHOT	release	ci	stg	0
CREATE_ARTIFACT_SNAPSHOT	release	ci	prd	0
CREATE_ARTIFACT_SNAPSHOT	cleanup	local	devops	0
CREATE_ARTIFACT_SNAPSHOT	cleanup	local	sbx	0
CREATE_ARTIFACT_SNAPSHOT	cleanup	local	tst	0
CREATE_ARTIFACT_SNAPSHOT	cleanup	local	stg	0
CREATE_ARTIFACT_SNAPSHOT	cleanup	local	prd	0
CREATE_ARTIFACT_SNAPSHOT	cleanup	ci	devops	0
CREATE_ARTIFACT_SNAPSHOT	cleanup	ci	sbx	0
CREATE_ARTIFACT_SNAPSHOT	cleanup	ci	tst	0
CREATE_ARTIFACT_SNAPSHOT	cleanup	ci	stg	0
CREATE_ARTIFACT_SNAPSHOT	cleanup	ci	prd	0
CREATE_GIT_TAG	main	local	devops	0
CREATE_GIT_TAG	main	local	sbx	0
CREATE_GIT_TAG	main	local	tst	0
CREATE_GIT_TAG	main	local	stg	0
CREATE_GIT_TAG	main	local	prd	0
CREATE_GIT_TAG	main	ci	devops	0
CREATE_GIT_TAG	main	ci	sbx	0
CREATE_GIT_TAG	main	ci	tst	0
CREATE_GIT_TAG	main	ci	stg	0
CREATE_GIT_TAG	main	ci	prd	0
CREATE_GIT_TAG	feature	local	devops	0
CREATE_GIT_TAG	feature	local	sbx	0
CREATE_GIT_TAG	feature	local	tst	0
CREATE_GIT_TAG	feature	local	stg	0
CREATE_GIT_TAG	feature	local	prd	0
CREATE_GIT_TAG	feature	ci	devops	0
CREATE_GIT_TAG	feature	ci	sbx	0
CREATE_GIT_TAG	feature	ci	tst	0
CREATE_GIT_TAG	feature	ci	stg	0
CREATE_GIT_TAG	feature	ci	prd	0
CREATE_GIT_TAG	fix	local	devops	0
CREATE_GIT_TAG	fix	local	sbx	0
CREATE_GIT_TAG	fix	local	tst	0
CREATE_GIT_TAG	fix	local	stg	0
CREATE_GIT_TAG	fix	local	prd	0
CREATE_GIT_TAG	fix	ci	devops	0
CREATE_GIT_TAG	fix	ci	sbx	0
CREATE_GIT_TAG	fix	ci	tst	0
CREATE_GIT_TAG	fix	ci	stg	0
CREATE_GIT_TAG	fix	ci	prd	0
CREATE_GIT_TAG	doc	local	devops	0
CREATE_GIT_TAG	doc	local	sbx	0
CREATE_GIT_TAG	doc	local	tst	0
CREATE_GIT_TAG	doc	local	stg	0
CREATE_GIT_TAG	doc	local	prd	0
CREATE_GIT_TAG	doc	ci	devops	0
CREATE_GIT_TAG	doc	ci	sbx	0
CREATE_GIT_TAG	doc	ci	tst	0
CREATE_GIT_TAG	doc	ci	stg	0
CREATE_GIT_TAG	doc	ci	prd	0
CREATE_GIT_TAG	layer	local	devops	0
CREATE_GIT_TAG	layer	local	sbx	0
CREATE_GIT_TAG	layer	local	tst	0
CREATE_GIT_TAG	layer	local	stg	0
CREATE_GIT_TAG	layer	local	prd	0
CREATE_GIT_TAG	layer	ci	devops	0
CREATE_GIT_TAG	layer	ci	sbx	0
CREATE_GIT_TAG	layer	ci	tst	0
CREATE_GIT_TAG	layer	ci	stg	0
CREATE_GIT_TAG	layer	ci	prd	0
CREATE_GIT_TAG	app	local	devops	0
CREATE_GIT_TAG	app	local	sbx	0
CREATE_GIT_TAG	app	local	tst	0
CREATE_GIT_TAG	app	local	stg	0
CREATE_GIT_TAG	app	local	prd	0
CREATE_GIT_TAG	app	ci	devops	0
CREATE_GIT_TAG	app	ci	sbx	0
CREATE_GIT_TAG	app	ci	tst	0
CREATE_GIT_TAG	app	ci	stg	0
CREATE_GIT_TAG	app	ci	prd	0
CREATE_GIT_TAG	release	local	devops	0
CREATE_GIT_TAG	release	local	sbx	0
CREATE_GIT_TAG	release	local	tst	0
CREATE_GIT_TAG	release	local	stg	0
CREATE_GIT_TAG	release	local	prd	0
CREATE_GIT_TAG	release	ci	devops	0
CREATE_GIT_TAG	release	ci	sbx	0
CREATE_GIT_TAG	release	ci	tst	0
CREATE_GIT_TAG	release	ci	stg	0
CREATE_GIT_TAG	release	ci	prd	0
CREATE_GIT_TAG	cleanup	local	devops	0
CREATE_GIT_TAG	cleanup	local	sbx	0
CREATE_GIT_TAG	cleanup	local	tst	0
CREATE_GIT_TAG	cleanup	local	stg	0
CREATE_GIT_TAG	cleanup	local	prd	0
CREATE_GIT_TAG	cleanup	ci	devops	0
CREATE_GIT_TAG	cleanup	ci	sbx	0
CREATE_GIT_TAG	cleanup	ci	tst	0
CREATE_GIT_TAG	cleanup	ci	stg	0
CREATE_GIT_TAG	cleanup	ci	prd	0
DELETE_CDK_STACK	main	local	devops	0
DELETE_CDK_STACK	main	local	sbx	0
DELETE_CDK_STACK	main	local	tst	0
DELETE_CDK_STACK	main	local	stg	0
DELETE_CDK_STACK	main	local	prd	0
DELETE_CDK_STACK	main	ci	devops	0
DELETE_CDK_STACK	main	ci	sbx	0
DELETE_CDK_STACK	main	ci	tst	0
DELETE_CDK_STACK	main	ci	stg	0
DELETE_CDK_STACK	main	ci	prd	0
DELETE_CDK_STACK	feature	local	devops	0
DELETE_CDK_STACK	feature	local	sbx	0
DELETE_CDK_STACK	feature	local	tst	0
DELETE_CDK_STACK	feature	local	stg	0
DELETE_CDK_STACK	feature	local	prd	0
DELETE_CDK_STACK	feature	ci	devops	0
DELETE_CDK_STACK	feature	ci	sbx	0
DELETE_CDK_STACK	feature	ci	tst	0
DELETE_CDK_STACK	feature	ci	stg	0
DELETE_CDK_STACK	feature	ci	prd	0
DELETE_CDK_STACK	fix	local	devops	0
DELETE_CDK_STACK	fix	local	sbx	0
DELETE_CDK_STACK	fix	local	tst	0
DELETE_CDK_STACK	fix	local	stg	0
DELETE_CDK_STACK	fix	local	prd	0
DELETE_CDK_STACK	fix	ci	devops	0
DELETE_CDK_STACK	fix	ci	sbx	0
DELETE_CDK_STACK	fix	ci	tst	0
DELETE_CDK_STACK	fix	ci	stg	0
DELETE_CDK_STACK	fix	ci	prd	0
DELETE_CDK_STACK	doc	local	devops	0
DELETE_CDK_STACK	doc	local	sbx	0
DELETE_CDK_STACK	doc	local	tst	0
DELETE_CDK_STACK	doc	local	stg	0
DELETE_CDK_STACK	doc	local	prd	0
DELETE_CDK_STACK	doc	ci	devops	0
DELETE_CDK_STACK	doc	ci	sbx	0
DELETE_CDK_STACK	doc	ci	tst	0
DELETE_CDK_STACK	doc	ci	stg	0
DELETE_CDK_STACK	doc	ci	prd	0
DELETE_CDK_STACK	layer	local	devops	0
DELETE_CDK_STACK	layer	local	sbx	0
DELETE_CDK_STACK	layer	local	tst	0
DELETE_CDK_STACK	layer	local	stg	0
DELETE_CDK_STACK	layer	local	prd	0
DELETE_CDK_STACK	layer	ci	devops	0
DELETE_CDK_STACK	layer	ci	sbx	0
DELETE_CDK_STACK	layer	ci	tst	0
DELETE_CDK_STACK	layer	ci	stg	0
DELETE_CDK_STACK	layer	ci	prd	0
DELETE_CDK_STACK	app	local	devops	0
DELETE_CDK_STACK	app	local	sbx	0
DELETE_CDK_STACK	app	local	tst	0
DELETE_CDK_STACK	app	local	stg	0
DELETE_CDK_STACK	app	local	prd	0
DELETE_CDK_STACK	app	ci	devops	0
DELETE_CDK_STACK	app	ci	sbx	0
DELETE_CDK_STACK	app	ci	tst	0
DELETE_CDK_STACK	app	ci	stg	0
DELETE_CDK_STACK	app	ci	prd	0
DELETE_CDK_STACK	release	local	devops	0
DELETE_CDK_STACK	release	local	sbx	0
DELETE_CDK_STACK	release	local	tst	0
DELETE_CDK_STACK	release	local	stg	0
DELETE_CDK_STACK	release	local	prd	0
DELETE_CDK_STACK	release	ci	devops	0
DELETE_CDK_STACK	release	ci	sbx	0
DELETE_CDK_STACK	release	ci	tst	0
DELETE_CDK_STACK	release	ci	stg	0
DELETE_CDK_STACK	release	ci	prd	0
DELETE_CDK_STACK	cleanup	local	devops	0
DELETE_CDK_STACK	cleanup	local	sbx	0
DELETE_CDK_STACK	cleanup	local	tst	0
DELETE_CDK_STACK	cleanup	local	stg	0
DELETE_CDK_STACK	cleanup	local	prd	0
DELETE_CDK_STACK	cleanup	ci	devops	0
DELETE_CDK_STACK	cleanup	ci	sbx	0
DELETE_CDK_STACK	cleanup	ci	tst	0
DELETE_CDK_STACK	cleanup	ci	stg	0
DELETE_CDK_STACK	cleanup	ci	prd	0
DELETE_CHALICE_APP	main	local	devops	0
DELETE_CHALICE_APP	main	local	sbx	0
DELETE_CHALICE_APP	main	local	tst	0
DELETE_CHALICE_APP	main	local	stg	0
DELETE_CHALICE_APP	main	local	prd	0
DELETE_CHALICE_APP	main	ci	devops	0
DELETE_CHALICE_APP	main	ci	sbx	0
DELETE_CHALICE_APP	main	ci	tst	0
DELETE_CHALICE_APP	main	ci	stg	0
DELETE_CHALICE_APP	main	ci	prd	0
DELETE_CHALICE_APP	feature	local	devops	0
DELETE_CHALICE_APP	feature	local	sbx	0
DELETE_CHALICE_APP	feature	local	tst	0
DELETE_CHALICE_APP	feature	local	stg	0
DELETE_CHALICE_APP	feature	local	prd	0
DELETE_CHALICE_APP	feature	ci	devops	0
DELETE_CHALICE_APP	feature	ci	sbx	0
DELETE_CHALICE_APP	feature	ci	tst	0
DELETE_CHALICE_APP	feature	ci	stg	0
DELETE_CHALICE_APP	feature	ci	prd	0
DELETE_CHALICE_APP	fix	local	devops	0
DELETE_CHALICE_APP	fix	local	sbx	0
DELETE_CHALICE_APP	fix	local	tst	0
DELETE_CHALICE_APP	fix	local	stg	0
DELETE_CHALICE_APP	fix	local	prd	0
DELETE_CHALICE_APP	fix	ci	devops	0
DELETE_CHALICE_APP	fix	ci	sbx	0
DELETE_CHALICE_APP	fix	ci	tst	0
DELETE_CHALICE_APP	fix	ci	stg	0
DELETE_CHALICE_APP	fix	ci	prd	0
DELETE_CHALICE_APP	doc	local	devops	0
DELETE_CHALICE_APP	doc	local	sbx	0
DELETE_CHALICE_APP	doc	local	tst	0
DELETE_CHALICE_APP	doc	local	stg	0
DELETE_CHALICE_APP	doc	local	prd	0
DELETE_CHALICE_APP	doc	ci	devops	0
DELETE_CHALICE_APP	doc	ci	sbx	0
DELETE_CHALICE_APP	doc	ci	tst	0
DELETE_CHALICE_APP	doc	ci	stg	0
DELETE_CHALICE_APP	doc	ci	prd	0
DELETE_CHALICE_APP	layer	local	devops	0
DELETE_CHALICE_APP	layer	local	sbx	0
DELETE_CHALICE_APP	layer	local	tst	0
DELETE_CHALICE_APP	layer	local	stg	0
DELETE_CHALICE_APP	layer	local	prd	0
DELETE_CHALICE_APP	layer	ci	devops	0
DELETE_CHALICE_APP	layer	ci	sbx	0
DELETE_CHALICE_APP	layer	ci	tst	0
DELETE_CHALICE_APP	layer	ci	stg	0
DELETE_CHALICE_APP	layer	ci	prd	0
DELETE_CHALICE_APP	app	local	devops	0
DELETE_CHALICE_APP	app	local	sbx	0
DELETE_CHALICE_APP	app	local	tst	0
DELETE_CHALICE_APP	app	local	stg	0
DELETE_CHALICE_APP	app	local	prd	0
DELETE_CHALICE_APP	app	ci	devops	0
DELETE_CHALICE_APP	app	ci	sbx	0
DELETE_CHALICE_APP	app	ci	tst	0
DELETE_CHALICE_APP	app	ci	stg	0
DELETE_CHALICE_APP	app	ci	prd	0
DELETE_CHALICE_APP	release	local	devops	0
DELETE_CHALICE_APP	release	local	sbx	0
DELETE_CHALICE_APP	release	local	tst	0
DELETE_CHALICE_APP	release	local	stg	0
DELETE_CHALICE_APP	release	local	prd	0
DELETE_CHALICE_APP	release	ci	devops	0
DELETE_CHALICE_APP	release	ci	sbx	0
DELETE_CHALICE_APP	release	ci	tst	0
DELETE_CHALICE_APP	release	ci	stg	0
DELETE_CHALICE_APP	release	ci	prd	0
DELETE_CHALICE_APP	cleanup	local	devops	0
DELETE_CHALICE_APP	cleanup	local	sbx	0
DELETE_CHALICE_APP	cleanup	local	tst	0
DELETE_CHALICE_APP	cleanup	local	stg	0
DELETE_CHALICE_APP	cleanup	local	prd	0
DELETE_CHALICE_APP	cleanup	ci	devops	0
DELETE_CHALICE_APP	cleanup	ci	sbx	0
DELETE_CHALICE_APP	cleanup	ci	tst	0
DELETE_CHALICE_APP	cleanup	ci	stg	0
DELETE_CHALICE_APP	cleanup	ci	prd	0
DELETE_ARTIFACT_SNAPSHOT	main	local	devops	0
DELETE_ARTIFACT_SNAPSHOT	main	local	sbx	0
DELETE_ARTIFACT_SNAPSHOT	main	local	tst	0
DELETE_ARTIFACT_SNAPSHOT	main	local	stg	0
DELETE_ARTIFACT_SNAPSHOT	main	local	prd	0
DELETE_ARTIFACT_SNAPSHOT	main	ci	devops	0
DELETE_ARTIFACT_SNAPSHOT	main	ci	sbx	0
DELETE_ARTIFACT_SNAPSHOT	main	ci	tst	0
DELETE_ARTIFACT_SNAPSHOT	main	ci	stg	0
DELETE_ARTIFACT_SNAPSHOT	main	ci	prd	0
DELETE_ARTIFACT_SNAPSHOT	feature	local	devops	0
DELETE_ARTIFACT_SNAPSHOT	feature	local	sbx	0
DELETE_ARTIFACT_SNAPSHOT	feature	local	tst	0
DELETE_ARTIFACT_SNAPSHOT	feature	local	stg	0
DELETE_ARTIFACT_SNAPSHOT	feature	local	prd	0
DELETE_ARTIFACT_SNAPSHOT	feature	ci	devops	0
DELETE_ARTIFACT_SNAPSHOT	feature	ci	sbx	0
DELETE_ARTIFACT_SNAPSHOT	feature	ci	tst	0
DELETE_ARTIFACT_SNAPSHOT	feature	ci	stg	0
DELETE_ARTIFACT_SNAPSHOT	feature	ci	prd	0
DELETE_ARTIFACT_SNAPSHOT	fix	local	devops	0
DELETE_ARTIFACT_SNAPSHOT	fix	local	sbx	0
DELETE_ARTIFACT_SNAPSHOT	fix	local	tst	0
DELETE_ARTIFACT_SNAPSHOT	fix	local	stg	0
DELETE_ARTIFACT_SNAPSHOT	fix	local	prd	0
DELETE_ARTIFACT_SNAPSHOT	fix	ci	devops	0
DELETE_ARTIFACT_SNAPSHOT	fix	ci	sbx	0
DELETE_ARTIFACT_SNAPSHOT	fix	ci	tst	0
DELETE_ARTIFACT_SNAPSHOT	fix	ci	stg	0
DELETE_ARTIFACT_SNAPSHOT	fix	ci	prd	0
DELETE_ARTIFACT_SNAPSHOT	doc	local	devops	0
DELETE_ARTIFACT_SNAPSHOT	doc	local	sbx	0
DELETE_ARTIFACT_SNAPSHOT	doc	local	tst	0
DELETE_ARTIFACT_SNAPSHOT	doc	local	stg	0
DELETE_ARTIFACT_SNAPSHOT	doc	local	prd	0
DELETE_ARTIFACT_SNAPSHOT	doc	ci	devops	0
DELETE_ARTIFACT_SNAPSHOT	doc	ci	sbx	0
DELETE_ARTIFACT_SNAPSHOT	doc	ci	tst	0
DELETE_ARTIFACT_SNAPSHOT	doc	ci	stg	0
DELETE_ARTIFACT_SNAPSHOT	doc	ci	prd	0
DELETE_ARTIFACT_SNAPSHOT	layer	local	devops	0
DELETE_ARTIFACT_SNAPSHOT	layer	local	sbx	0
DELETE_ARTIFACT_SNAPSHOT	layer	local	tst	0
DELETE_ARTIFACT_SNAPSHOT	layer	local	stg	0
DELETE_ARTIFACT_SNAPSHOT	layer	local	prd	0
DELETE_ARTIFACT_SNAPSHOT	layer	ci	devops	0
DELETE_ARTIFACT_SNAPSHOT	layer	ci	sbx	0
DELETE_ARTIFACT_SNAPSHOT	layer	ci	tst	0
DELETE_ARTIFACT_SNAPSHOT	layer	ci	stg	0
DELETE_ARTIFACT_SNAPSHOT	layer	ci	prd	0
DELETE_ARTIFACT_SNAPSHOT	app	local	devops	0
DELETE_ARTIFACT_SNAPSHOT	app	local	sbx	0
DELETE_ARTIFACT_SNAPSHOT	app	local	tst	0
DELETE_ARTIFACT_SNAPSHOT	app	local	stg	0
DELETE_ARTIFACT_SNAPSHOT	app	local	prd	0
DELETE_ARTIFACT_SNAPSHOT	app	ci	devops	0
DELETE_ARTIFACT_SNAPSHOT	app	ci	sbx	0
DELETE_ARTIFACT_SNAPSHOT	app	ci	tst	0
DELETE_ARTIFACT_SNAPSHOT	app	ci	stg	0
DELETE_ARTIFACT_SNAPSHOT	app	ci	prd	0
DELETE_ARTIFACT_SNAPSHOT	release	local	devops	0
DELETE_ARTIFACT_SNAPSHOT	release	local	sbx	0
DELETE_ARTIFACT_SNAPSHOT	release	local	tst	0
DELETE_ARTIFACT_SNAPSHOT	release	local	stg	0
DELETE_ARTIFACT_SNAPSHOT	release	local	prd	0
DELETE_ARTIFACT_SNAPSHOT	release	ci	devops	0
DELETE_ARTIFACT_SNAPSHOT	release	ci	sbx	0
DELETE_ARTIFACT_SNAPSHOT	release	ci	tst	0
DELETE_ARTIFACT_SNAPSHOT	release	ci	stg	0
DELETE_ARTIFACT_SNAPSHOT	release	ci	prd	0
DELETE_ARTIFACT_SNAPSHOT	cleanup	local	devops	0
DELETE_ARTIFACT_SNAPSHOT	cleanup	local	sbx	0
DELETE_ARTIFACT_SNAPSHOT	cleanup	local	tst	0
DELETE_ARTIFACT_SNAPSHOT	cleanup	local	stg	0
DELETE_ARTIFACT_SNAPSHOT	cleanup	local	prd	0
DELETE_ARTIFACT_SNAPSHOT	cleanup	ci	devops	0
DELETE_ARTIFACT_SNAPSHOT	cleanup	ci	sbx	0
DELETE_ARTIFACT_SNAPSHOT	cleanup	ci	tst	0
DELETE_ARTIFACT_SNAPSHOT	cleanup	ci	stg	0
DELETE_ARTIFACT_SNAPSHOT	cleanup	ci	prd	0
DELETE_CONFIG	main	local	devops	0
DELETE_CONFIG	main	local	sbx	0
DELETE_CONFIG	main	local	tst	0
DELETE_CONFIG	main	local	stg	0
DELETE_CONFIG	main	local	prd	0
DELETE_CONFIG	main	ci	devops	0
DELETE_CONFIG	main	ci	sbx	0
DELETE_CONFIG	main	ci	tst	0
DELETE_CONFIG	main	ci	stg	0
DELETE_CONFIG	main	ci	prd	0
DELETE_CONFIG	feature	local	devops	0
DELETE_CONFIG	feature	local	sbx	0
DELETE_CONFIG	feature	local	tst	0
DELETE_CONFIG	feature	local	stg	0
DELETE_CONFIG	feature	local	prd	0
DELETE_CONFIG	feature	ci	devops	0
DELETE_CONFIG	feature	ci	sbx	0
DELETE_CONFIG	feature	ci	tst	0
DELETE_CONFIG	feature	ci	stg	0
DELETE_CONFIG	feature	ci	prd	0
DELETE_CONFIG	fix	local	devops	0
DELETE_CONFIG	fix	local	sbx	0
DELETE_CONFIG	fix	local	tst	0
DELETE_CONFIG	fix	local	stg	0
DELETE_CONFIG	fix	local	prd	0
DELETE_CONFIG	fix	ci	devops	0
DELETE_CONFIG	fix	ci	sbx	0
DELETE_CONFIG	fix	ci	tst	0
DELETE_CONFIG	fix	ci	stg	0
DELETE_CONFIG	fix	ci	prd	0
DELETE_CONFIG	doc	local	devops	0
DELETE_CONFIG	doc	local	sbx	0
DELETE_CONFIG	doc	local	tst	0
DELETE_CONFIG	doc	local	stg	0
DELETE_CONFIG	doc	local	prd	0
DELETE_CONFIG	doc	ci	devops	0
DELETE_CONFIG	doc	ci	sbx	0
DELETE_CONFIG	doc	ci	tst	0
DELETE_CONFIG	doc	ci	stg	0
DELETE_CONFIG	doc	ci	prd	0
DELETE_CONFIG	layer	local	devops	0
DELETE_CONFIG	layer	local	sbx	0
DELETE_CONFIG	layer	local	tst	0
DELETE_CONFIG	layer	local	stg	0
DELETE_CONFIG	layer	local	prd	0
DELETE_CONFIG	layer	ci	devops	0
DELETE_CONFIG	layer	ci	sbx	0
DELETE_CONFIG	layer	ci	tst	0
DELETE_CONFIG	layer	ci	stg	0
DELETE_CONFIG	layer	ci	prd	0
DELETE_CONFIG	app	local	devops	0
DELETE_CONFIG	app	local	sbx	0
DELETE_CONFIG	app	local	tst	0
DELETE_CONFIG	app	local	stg	0
DELETE_CONFIG	app	local	prd	0
DELETE_CONFIG	app	ci	devops	0
DELETE_CONFIG	app	ci	sbx	0
DELETE_CONFIG	app	ci	tst	0
DELETE_CONFIG	app	ci	stg	0
DELETE_CONFIG	app	ci	prd	0
DELETE_CONFIG	release	local	devops	0
DELETE_CONFIG	release	local	sbx	0
DELETE_CONFIG	release	local	tst	0
DELETE_CONFIG	release	local	stg	0
DELETE_CONFIG	release	local	prd	0
DELETE_CONFIG	release	ci	devops	0
DELETE_CONFIG	release	ci	sbx	0
DELETE_CONFIG	release	ci	tst	0
DELETE_CONFIG	release	ci	stg	0
DELETE_CONFIG	release	ci	prd	0
DELETE_CONFIG	cleanup	local	devops	0
DELETE_CONFIG	cleanup	local	sbx	0
DELETE_CONFIG	cleanup	local	tst	0
DELETE_CONFIG	cleanup	local	stg	0
DELETE_CONFIG	cleanup	local	prd	0
DELETE_CONFIG	cleanup	ci	devops	0
DELETE_CONFIG	cleanup	ci	sbx	0
DELETE_CONFIG	cleanup	ci	tst	0
DELETE_CONFIG	cleanup	ci	stg	0
DELETE_CONFIG	cleanup	ci	prd	0
